Workbook

Sheet УзлыРесы(1)
B1: По карте (кнопка М) в Игре | C1: Кол-во узлов | D1: Узлы с ресурсами по моим данным: | F1: № | G1: Торговый узел (5): | H1: Область | I1: Производство: | K1: № | L1: Обычный узел (320): | M1: Область | N1: Производство: | P1: № | Q1: Обычный узел (218): | R1: Область | S1: Производство: | U1: № | V1: Обычный узел (218): | W1: Область | X1: Производство:
B2: Города | C2: 11 | D2: =D24+D50+D98+I7+I79+N106+S106+X115 -> 209 | F2: 1 | G2: Ферма Бартелли | H2: Баленос | I2: Картофель. Курица, яйцо. Жареная курица | K2: 1 | L2: Ферма Пинто | M2: Баленос | N2: Картофель. Курица, яйцо. Яблочный джем Пинто | P2: 105 | Q2: Остров Эводин | R2: Кальфеон | S2: --- | U2: 209 | V2: Море Росс 1 | W2: Океан | X2: ---
B3: Поселения | C3: 23 | F3: 2 | G3: Ферма Алехандро | H3: Серендия | I3: Тыква. Мёд. Особый мёд Алехандро | K3: 2 | L3: Каменный зал древних (скрытый) | M3: Баленос | N3: Увядшие листья, треснувший коготь, порошок земли, порошок починки | P3: 106 | Q3: Остров Овэн | R3: Кальфеон | S3: Сушеный дитрем/остронос/килька/язь ! Ставрида/налим/летучая рыба/язь. БАРТЕР | U3: 210 | V3: Море Росс 2 | W3: Океан | X3: ---
B4: Врата | C4: 44 | D4: Проверка кол-ва узлов с ресурсами | F4: 3 | G4: Пастбище каменной пустоши | H4: Медия | I4: Соломенный портфель Аслана | K4: 3 | L4: Пещера бесов | M4: Баленос | N4: Медная руда, пыль огня | P4: 107 | Q4: Остров Дэйтан | R4: Кальфеон | S4: Сушеная ставрида/летучая рыба/налим/судак. БАРТЕР | U4: 211 | V4: Море Росс 3 | W4: Океан | X4: ---
B5: Торговый узел | C5: 5 | D5: ='Баленос-Серендия'!B42+'Баленос-Серендия'!E19+'Кальфеон - СтранаУтра'!B50+'Кальфеон - СтранаУтра'!E17+'Медия-Валенсия'!B27+'Медия-Валенсия'!E38+'Кама-Дриган-Одилита-Горы'!B15+'Кама-Дриган-Одилита-Горы'!B31+'Кама-Дриган-Одилита-Горы'!E12+'Кама-Дриган-Одилита-Горы'!E30 -> 209 | F5: 4 | G5: Лесопилка Дормана | H5: Дриган | I5: Древесина, доска, сок кипариса. Древесина, доска, сок плосковеточника. | K5: 4 | L5: Ферма Лоджи | M5: Баленос | N5: Картофель. Ящик с отборным картофелем | P5: 108 | Q5: Остров Тондэ | R5: Кальфеон | S5: БАРТЕР | U5: 212 | V5: Море Росс 4 | W5: Океан | X5: ---
B6: Опасная облась | C6: 68 | F6: 5 | G6: Грандина | H6: Камасильвия | I6: --- | K6: 5 | L6: Ферма Марино | M6: Баленос | N6: Талисман счастья из прозрачного хрусталя | P6: 109 | Q6: Остров Варатерра | R6: Кальфеон | S6: Сушеный дитрем/остронос/скат/килька ! Остронос/ставрида/летучая рыба/налим | U6: 213 | V6: Море Росс 5 | W6: Океан | X6: ---
B7: Узел | C7: 320 | I7: =F6-COUNTIF(I2:I6,"---") -> 4 | K7: 6 | L7: Руины замка Крон | M7: Баленос | N7: Календула, пучок клендулы | P7: 110 | Q7: Остров Рандис | R7: Кальфеон | S7: Сушеная ставрида/налим/красноперка/осминог ! Осетр/налим/килька/эвус. БАРТЕР | U7: 214 | V7: Море Росс 6 (из 7) | W7: Океан | X7: ---
B8: Итого: | C8: =SUM(C2:C7) -> 471 | K8: 7 | L8: Холм Эхваз | M8: Баленос | N8: Древесина, сок ясеня. Подосиновик, большой подосиновик | P8: 111 | Q8: Остров Серка | R8: Кальфеон | S8: Сушеный остронос/осетр/летучая рыба/карась | U8: 215 | V8: Лагри 1 | W8: Океан | X8: ---
K9: 8 | L9: Лес разбойников | M9: Баленос | N9: Боровик, большой боровик | P9: 112 | Q9: Остров Ваэджа | R9: Кальфеон | S9: Сушеный остронос/ставрида/осьминог/омуль | U9: 216 | V9: Лагри 2 | W9: Океан | X9: ---
F10: № | G10: Опасная область (68): | H10: Область | I10: Производство: | K10: 9 | L10: Лес Баленоса | M10: Баленос | N10: Календула, Пучок календулы. Древесина ясеня, волшебный листок | P10: 113 | Q10: Остров Модрик | R10: Кальфеон | S10: Сушеный дитрем/ставрида/налим/макрель | U10: 217 | V10: Лагри 3 | W10: Океан | X10: ---
F11: 1 | G11: Замок Крон | H11: Баленос | I11: --- | K11: 10 | L11: Ферма Тоскани | M11: Баленос | N11: Кукуруза. Ящик с отборной кукурузой | P11: 114 | Q11: Остров Шионил | R11: Кальфеон | S11: --- | U11: 218 | V11: Лагри 4 | W11: Океан | X11: ---
A12: № | B12: Города (11): | C12: Область | D12: Производство: | F12: 2 | G12: Пещера гоблинов | H12: Баленос | I12: Древесина ясеня, волшебный листок. Медная руда, грубый прозрачный хрусталь | K12: 11 | L12: Прибрежная пещера | M12: Баленос | N12: Железная руда, пыль тьмы. Медная руда, пыль огня | P12: 115 | Q12: Остров Тэямаль | R12: Кальфеон | S12: Сушеная ставрида/килька/макрель/осьминог ! Дитрем/скалярия/ставрида/летучая рыба | U12: 219 | V12: Лагри 5 | W12: Океан | X12: ---
A13: 1 | B13: Велия | C13: Баленос | D13: Золотые слитки, серебро | F13: 3 | G13: Роща отшельников | H13: Баленос | I13: Древесина клёна, ветвь монарха. Медная руда, пыль огня | K13: 12 | L13: Алтарь Агриса | M13: Баленос | N13: --- | P13: 116 | Q13: Остров Рамеда | R13: Кальфеон | S13: --- | U13: 220 | V13: Лагри 6 | W13: Океан | X13: ---
A14: 2 | B14: Хидель | C14: Серендия | D14: Золотые слитки, серебро | F14: 4 | G14: Руины замка | H14: Серендия | I14: Древесина, сок клёна | K14: 13 | L14: Прибрежные скалы | M14: Баленос | N14: Железная руда, пыль тьмы. Подосиновик, большой подосиновик | P14: 117 | Q14: Остров Зинборей | R14: Кальфеон | S14: --- | U14: 221 | V14: Лагри 7 | W14: Океан | X14: ---
A15: 3 | B15: Кальфеон | C15: Кальфеон | D15: Золотые слитки, серебро | F15: 5 | G15: Кровавый монастырь | H15: Серендия | I15: --- | K15: 14 | L15: Врата Флорина | M15: Баленос | N15: --- | P15: 118 | Q15: Остров Нэтном | R15: Кальфеон | S15: --- | U15: 222 | V15: Лагри 8 | W15: Океан | X15: ---
A16: 4 | B16: Алтинова | C16: Медия | D16: Золотые слитки, серебро | F16: 6 | G16: Святилище Серендии | H16: Серендия | I16: Древесина соcны, ветвь монарха | K16: 15 | L16: Мост Ольдстера | M16: Баленос | N16: --- | P16: 119 | Q16: Остров Кайт | R16: Кальфеон | S16: БАРТЕР | U16: 223 | V16: Лагри 9 | W16: Океан | X16: ---
A17: 5 | B17: Валенсия | C17: Валенсия | D17: Золотые слитки, серебро | F17: 7 | G17: Логово Бираги | H17: Серендия | I17: --- | K17: 16 | L17: Ферма Касто | M17: Баленос | N17: Виноград, ящик с отборным виноградом | P17: 120 | Q17: Остров Алрат | R17: Кальфеон | S17: --- | U17: 224 | V17: Лагри 10 | W17: Океан | X17: ---
A18: 6 | B18: Грана | C18: Камасильвия | D18: Древесина/доска пальмы. Кокос | F18: 8 | G18: Форт Брейди | H18: Серендия | I18: --- | K18: 17 | L18: Ферма Вейла | M18: Баленос | N18: Олива, ящик с отборными оливками | P18: 121 | Q18: Остров Эхо | R18: Кальфеон | S18: --- | U18: 225 | V18: Лагри 11 | W18: Океан | X18: ---
A19: 7 | B19: Двенкрун | C19: Дриган | D19: Золотые слитки, серебро | F19: 9 | G19: Южная нейтральная зона | H19: Серендия | I19: --- | K19: 18 | L19: Волчий холм | M19: Баленос | N19: Древесина ясеня | P19: 122 | Q19: Остров Тиссен | R19: Кальфеон | S19: --- | U19: 226 | V19: Лагри 12 | W19: Океан | X19: ---
A20: 8 | B20: Одираксия | C20: Одиллита | D20: --- | F20: 10 | G20: Западный лес Бри | H20: Кальфеон | I20: Древесина, сок ольхи. Опёнок, болшой опёнок | K20: 19 | L20: Устье реки Баленоса | M20: Баленос | N20: --- | P20: 123 | Q20: Остров Амитэ | R20: Кальфеон | S20: --- | U20: 227 | V20: Лагри 13 | W20: Океан | X20: ---
A21: 9 | B21: Око Окилы | C21: Океан | D21: --- | F21: 11 | G21: Пещера Хируто | H21: Кальфеон | I21: --- | K21: 20 | L21: Утес Фудо | M21: Баленос | N21: Медная руда | P21: 124 | Q21: Остров Саллис | R21: Баленос | S21: --- | U21: 228 | V21: Лагри 14 | W21: Океан | X21: ---
A22: 10 | B22: Деревня Эил | C22: Горы вечной зимы | D22: --- | F22: 12 | G22: Хребет Каранды | H22: Кальфеон | I22: Черноголовка, пучок черноголовки | K22: 21 | L22: Предгорье Фудо | M22: Баленос | N22: --- | P22: 125 | Q22: Остров Розы | R22: Баленос | S22: --- | U22: 229 | V22: Лагри 15 | W22: Океан | X22: ---
A23: 11 | B23: Мутыль | C23: Страна Утра | D23: --- | F23: 13 | G23: Хребет дьявола | H23: Кальфеон | I23: Древесина ольхи, красная почка | K23: 22 | L23: Побережъе Оливии | M23: Баленос | N23: --- | P23: 126 | Q23: Коралловый остров | R23: Баленос | S23: --- | U23: 230 | V23: Лагри 16 (из 29) | W23: Океан | X23: ---
D24: =A23-COUNTIF(D13:D23,"---") -> 7 | F24: 14 | G24: Пещера Кафрас | H24: Кальфеон | I24: --- | K24: 23 | L24: Плато Эферии | M24: Баленос | N24: --- | P24: 127 | Q24: Остров Веры (скрытый) | R24: Баленос | S24: Чертеж фигура Чиро, звездный порошок, железная руда | U24: 231 | V24: Воды Эур 1 | W24: Океан | X24: ---
F25: 15 | G25: Перевал Эви | H25: Кальфеон | I25: Древесина кедра, ветвь монарха | K25: 24 | L25: Лес Сипух | M25: Баленос | N25: --- | P25: 128 | Q25: Остров Хошита (скрытый) | R25: Баленос | S25: Чертеж черный парус Чиро, звездный порошок, железная руда | U25: 232 | V25: Воды Эур 2 | W25: Океан | X25: ---
A26: № | B26: Поселения (23) | C26: Область | D26: Производство: | F26: 16 | G26: Лагерь Сонил | H26: Кальфеон | I26: --- | K26: 25 | L26: Ферма Коста | M26: Серендия | N26: Пшеница. Тыква. Лён, льняная нить. Ящик с отборной тыквой | P26: 129 | Q26: Каменная пустошь | R26: Медия | S26: Древесина / сок акации. Сучок кровавого дерева | U26: 233 | V26: Воды Эур 3 (из 7) | W26: Океан | X26: ---
A27: 1 | B27: Западный лагерь стражников | C27: Баленос | D27: --- | F27: 17 | G27: Первый лагерь гигантов | H27: Кальфеон | I27: Свинцовая руда, пыль разрушения | K27: 26 | L27: Плантация Моретти | M27: Серендия | N27: Пшеница. Лён, льняная нить. Ящик с отборной пшеницей | P27: 130 | Q27: Северное плато Медии | R27: Медия | S27: Древесина / сок пихты, кора старого дерева. Древесина / сок клёна, кора старого дерева. | U27: 234 | V27: Пустое море 1 | W27: Океан | X27: ---
A28: 2 | B28: Город Оливия | C28: Баленос | D28: Ящик с древесиной из Баленоса | F28: 18 | G28: Граница Сонил | H28: Кальфеон | I28: --- | K28: 27 | L28: Шахта Хиделя | M28: Серендия | N28: Железная руда, пыль тьмы. Медная руда, пыль огня | P28: 131 | Q28: Земля Эха | R28: Медия | S28: --- | U28: 235 | V28: Пустое море 2 | W28: Океан | X28: ---
A29: 3 | B29: Город Глиши | C29: Серендия | D29: Ящик с отборным Подберёзовиком + золотые слитки, серебро | F29: 19 | G29: Лаборатория Марни | H29: Кальфеон | I29: --- | K29: 28 | L29: Ранчо Линчей | M29: Серендия | N29: Шерсть, шерстяная нить | P29: 132 | Q29: Храм Камасильва | R29: Медия | S29: Лен, льняная нить. Опёнок, большой опенок. | U29: 236 | V29: Пустое море 3 | W29: Океан | X29: ---
A30: 4 | B30: Кеплан | C30: Кальфеон | D30: Золотые слитки, серебро | F30: 20 | G30: Заброшенная шахта | H30: Кальфеон | I30: --- | K30: 29 | L30: Северная равнина Серендии | M30: Серендия | N30: Азалия. Древесина клёна, красная почка | P30: 133 | Q30: Плато Асула | R30: Медия | S30: --- | U30: 237 | V30: Пустое море 4 (из 8) | W30: Океан | X30: ---
A31: 5 | B31: Деревня Флорин | C31: Кальфеон | D31: Ящик трав Флорина + золотые слитки, серебро | F31: 21 | G31: Пещера глутонов | H31: Кальфеон | I31: Уголь, пыль разрушения. Вешенка, большая вешенка | K31: 30 | L31: Болота Глиши | M31: Серендия | N31: Подберёзовик, большой Подберёзовик. Свинцовая руда, пыль веков | P31: 134 | Q31: Вход в Алтинову | R31: Медия | S31: --- | U31: 238 | V31: Лагри залив Велла | W31: Океан | X31: ---
A32: 6 | B32: Портовый город Эферия | C32: Кальфеон | D32: Ящик морепродуктов (сиган) | F32: 22 | G32: Дом Оджи | H32: Кальфеон | I32: --- | K32: 31 | L32: Южное болото | M32: Серендия | N32: Железная руда, грубый черный хрусталь. Подберёзовик, большой Подберёзовик. Тайное послание | P32: 135 | Q32: Долина Алум | R32: Медия | S32: --- | U32: 239 | V32: Пруд Антаци | W32: Камасильвия | X32: Сияние Антаци
A33: 7 | B33: Деревня Трент | C33: Кальфеон | D33: Ящик с древесиной из Кальфеона | F33: 23 | G33: Лес Энтов | H33: Кальфеон | I33: Древесина кипариса, сучок кровавого дерева | K33: 32 | L33: Руины Глиши | M33: Серендия | N33: Чёрная земля, острый обломок шлема, затупленный осколок, порошок изначальности /охотников | P33: 136 | Q33: Каменный клюв | R33: Медия | S33: --- | U33: 240 | V33: Лес Каду | W33: Камасильвия | X33: ---
A34: 8 | B34: Медвежья деревня | C34: Кальфеон | D34: Ящик с древесиной из Кальфеона | F34: 24 | G34: Лагерь Ратамов | H34: Кальфеон | I34: Оловянная руда, грубый зеленый хрусталь | K34: 33 | L34: Северные болота | M34: Серендия | N34: Головач, большой головач. Ящик с отборным головачом | P34: 137 | Q34: Лавовая пещера (скрытый) | R34: Медия | S34: Цинковая руда, пыль веков, платиновая руда. Уголь, пыль разрушения, грубый рубин | U34: 241 | V34: Тенистый лес | W34: Камасильвия | X34: Мшистая древесина/доска. Сок мшистого дерева
A35: 9 | B35: Северное поле пшеницы | C35: Кальфеон | D35: Перец. Пшеница. Ячмень. Ящик с отборным подсолнухом + золотые слитки, серебро | F35: 25 | G35: Лагерь водяных | H35: Кальфеон | I35: --- | K35: 34 | L35: Руины фермы Линчей (скрытый) | M35: Серендия | N35: Азалия. Сломаный рог, колесо телеги, тканьжилища бесов. Порошок варваров / охотников | P35: 138 | Q35: Гробница правителей | R35: Медия | S35: --- | U35: 242 | V35: Одинокий лес | W35: Камасильвия | X35: Зеленая руда, пыль веков
A36: 10 | B36: Остров Лема | C36: Баленос | D36: --- | F36: 26 | G36: Западный лес Кальфеона | H36: Кальфеон | I36: --- | K36: 35 | L36: Лагерь сайджеков | M36: Серендия | N36: --- | P36: 139 | Q36: Место раскопок (Скрытый) | R36: Медия | S36: Потускневший фрагмент голема, осколок украшения клана Тугу, Порошок земли / хаоса | U36: 243 | V36: Горная деревня | W36: Камасильвия | X36: Клубника, хорошая клубника
A37: 11 | B37: Остров Илия | C37: Баленос | D37: Амулет Илии | F37: 27 | G37: Тёмный лес | H37: Кальфеон | I37: Древесина, сок кедра | K37: 36 | L37: Сторожевая башня | M37: Серендия | N37: --- | P37: 140 | Q37: Ферма Эхто | R37: Медия | S37: Хлопок, хлопокове полотно. Алоэ. Мешочек с семенами Моны. | U37: 244 | V37: Горы Вельтара | W37: Камасильвия | X37: ---
A38: 12 | B38: Деревня Тариффа | C38: Медия | D38: Кувшин заклинателя Тариф | F38: 28 | G38: Ведьмин дол | H38: Кальфеон | I38: --- | K38: 37 | L38: Земли прокаженых | M38: Кальфеон | N38: --- | P38: 141 | Q38: Ферма Сури | R38: Медия | S38: Батат, хороший батат, отборный батат. Ящик с отборным бататом | U38: 245 | V38: Западный хребет Вельтара | W38: Камасильвия | X38: ---
... A49: 23 | B49: Рисовая деревня | C49: Страна Утра | D49: Рис / Петсай / Редька / Красная азалия / Розовая азалия | F49: 39 | G49: Храм Эллик | H49: Медия | I49: Древесина, сок пихты. Сучок кровавого дерева. Волнушка, большая волнушка | K49: 48 | L49: Угодья Бейн | M49: Кальфеон | N49: Ящик с отборной кукурузой | P49: 152 | Q49: Змеиная пустошь | R49: Валенсия | S49: Древесина/доска/сок бузины. Фисташки | U49: 256 | V49: Поля Двенкруна | W49: Дриган | X49: Ячмень. Кукуруза
D50: =A49-COUNTIF(D27:D49,"---") -> 16 | F50: 40 | G50: Лагерь клана Тугу | H50: Медия | I50: --- | K50: 49 | L50: Ферама Оберен | M50: Кальфеон | N50: --- | P50: 153 | Q50: Ущелье скорби | R50: Валенсия | S50: Древесина/доска/сок бузины. | U50: 257 | V50: Каньон Карков | W50: Дриган | X50: Зеленая руда. Мельхиор. Цинковая руда.
F51: 41 | G51: База Ратамов | H51: Медия | I51: --- | K51: 50 | L51: Врата Трины | M51: Кальфеон | N51: --- | P51: 154 | Q51: Владения Куниды | R51: Валенсия | S51: Грязь, очищенная вода | U51: 258 | V51: Могила Шерехана | W51: Дриган | X51: Кусок высохшего камня. Порошок памяти.
F52: 42 | G52: База Сонилов | H52: Медия | I52: --- | K52: 51 | L52: Закрытая каменоломня | M52: Кальфеон | N52: --- | P52: 155 | Q52: Водопад Рейны | R52: Валенсия | S52: Грязь, очищенная вода | U52: 259 | V52: Хижина Харака | W52: Дриган | X52: ---
A53: № | B53: Врата (44): | C53: Область | D53: Производство: | F53: 43 | G53: Лес Тунра | H53: Медия | I53: --- | K53: 52 | L53: Долина Джихаку | M53: Кальфеон | N53: --- | P53: 156 | Q53: Ущелье Фуркан | R53: Валенсия | S53: Медная руда, пыль огня, грубый опал | U53: 260 | V53: Застава утреннего тумана | W53: Дриган | X53: ---
A54: 1 | B54: Западные ворота | C54: Баленос | D54: --- | F54: 44 | G54: Забытые руины | H54: Валенсия | I54: --- | K54: 53 | L54: Окресности Кеплана | M54: Кальфеон | N54: --- | P54: 157 | Q54: Руины города Рун | R54: Валенсия | S54: --- | U54: 261 | V54: Ветреный пик | W54: Дриган | X54: ---
A55: 2 | B55: Дорога к логову Бираги | C55: Серендия | D55: --- | F55: 45 | G55: Лагерь клана Басим | H55: Валенсия | I55: Железная руда, пыль тьмы, грубый черный хрусталь | K55: 54 | L55: Ферма Джанни | M55: Кальфеон | N55: Ящик с отборной черноголовкой | P55: 158 | Q55: Иллирия | R55: Валенсия | S55: Медная руда, пыль огня, грубый опал. Теф | U55: 262 | V55: Алтарь Гаяка | W55: Дриган | X55: ---
A56: 3 | B56: Перевал Хидель | C56: Баленос | D56: --- | F56: 46 | G56: Гнездо варагонов | H56: Валенсия | I56: --- | K56: 55 | L56: Дорога в каменоломню | M56: Кальфеон | N56: --- | P56: 159 | Q56: Ущелье Эрос | R56: Валенсия | S56: --- | U56: 263 | V56: Ручей желаний | W56: Дриган | X56: Кусок магического камня. Порошок изначальности
A57: 4 | B57: Сторожевой пост Хидель | C57: Серендия | D57: --- | F57: 47 | G57: Равнина Тафтар | H57: Валенсия | I57: --- | K57: 56 | L57: Шахта Кеплана | M57: Кальфеон | N57: Уголь, пыль разрушения | P57: 160 | Q57: Пиплап | R57: Валенсия | S57: --- | U57: 264 | V57: Горы Гервиша | W57: Дриган | X57: Орляк. Календула
A58: 5 | B58: Центральный лагерь стражей | C58: Серендия | D58: --- | F58: 48 | G58: Долина змей | H58: Валенсия | I58: --- | K58: 57 | L58: Каньон Дейн | M58: Кальфеон | N58: --- | P58: 161 | Q58: Могила мучеников | R58: Валенсия | S58: Кора/сок/шип кактуса. Железная руда, пыль тьмы, грубый черный хрусталь. | U58: 265 | V58: Лесопилка Химута | W58: Дриган | X58: Древесина, доска, сок сосны. Древесина, доска, сок ольхи.
A59: 6 | B59: Южный лагерь стражей | C59: Серендия | D59: --- | F59: 49 | G59: Пустынный замок | H59: Валенсия | I59: --- | K59: 58 | L59: Распутье Тарта | M59: Кальфеон | N59: --- | P59: 162 | Q59: Кинамару | R59: Валенсия | S59: --- | U59: 266 | V59: Руины Тширы | W59: Дриган | X59: Орляк. Клевер
A60: 7 | B60: Северо-западные ворота | C60: Серендия | D60: --- | F60: 50 | G60: Ущелье разбойников | H60: Валенсия | I60: --- | K60: 59 | L60: Холм замка Кальфеон | M60: Кальфеон | N60: --- | P60: 163 | Q60: Ущелье Пэмбу | R60: Валенсия | S60: Фрике | U60: 267 | V60: Ферма Марака | W60: Дриган | X60: Кукуруза. Ячмень.
A61: 8 | B61: Юго-западные ворота | C61: Серендия | D61: --- | F61: 51 | G61: Каменный зал красногго песка | H61: Валенсия | I61: --- | K61: 60 | L61: Истоки медвежьей реки (скрытый) | M61: Кальфеон | N61: Оловянная руда, пыль притяжения | P61: 164 | Q61: Ущелье Айрис | R61: Валенсия | S61: Древесина/доска/сок бузины. Мускатный орех. | U61: 268 | V61: Колючий лес | W61: Одиллита | X61: Терновая древесина / сок
A62: 9 | B62: Восточная граница | C62: Серендия | D62: --- | F62: 52 | G62: Храм полумесяца | H62: Валенсия | I62: Финики. Титан, пыль огня, грубый фиолетовый хрусталь | K62: 61 | L62: Сторожевой пост Ратамов | M62: Кальфеон | N62: --- | P62: 165 | Q62: Каньон Марша | R62: Валенсия | S62: Ванадий, пыль разрушения, грубый черный хрусталь. Бадьян | U62: 269 | V62: Склеп забытых мыслей | W62: Одиллита | X62: Сгусток чистых чар. Порошок битвы
A63: 10 | B63: Восточные ворота | C63: Серендия | D63: --- | F63: 53 | G63: Долина Титума | H63: Валенсия | I63: Фисташки. Теф. Древесина, сок, доска пальмы | K63: 62 | L63: Деревня Крио | M63: Кальфеон | N63: --- | P63: 166 | Q63: Оазис Ивелапп | R63: Валенсия | S63: --- | U63: 270 | V63: Наксион | W63: Одиллита | X63: Курица,яйцо
A64: 11 | B64: Замок рыцарей Дельпе | C64: Кальфеон | D64: Талисман любви из красного хрусталя | F64: 54 | G64: Тюрьма Пиллап | H64: Валенсия | I64: --- | K64: 63 | L64: Древо Руя (скрытый) | M64: Кальфеон | N64: Вешенка, большая вешенка. Костяное ожерелье, старый коготь, Угаснувший порошок, прошок пепла / леса | P64: 167 | Q64: Святилище паломников Смирение | R64: Валенсия | S64: --- | U64: 271 | V64: Веревка Талливар | W64: Одиллита | X64: ---
A65: 12 | B65: Укрепление тролей | C65: Кальфеон | D65: --- | F65: 55 | G65: Серный рудник | H65: Валенсия | I65: Сера, пыль разрушения, грубый алмаз, синяя сера | K65: 64 | L65: Ферма Габино | M65: Кальфеон | N65: Ящик с отборным подсолнухом | P65: 168 | Q65: Святилище паломников Воздержание | R65: Валенсия | S65: --- | U65: 272 | V65: Ра Одель | W65: Одиллита | X65: ---
... A78: 25 | B78: Северные врата Медии | C78: Медия | D78: --- | F78: 68 | G78: Звездная гробница | H78: Кальфеон | I78: Сгусток чистых чар. Порошок вреда/смерти. Медная руда, кусок меди. Раскрошившийся осколок звезды | K78: 77 | L78: Остров Альхана (скрытый) | M78: Баленос | N78: Чертеж пушка Чиро, звездный порошок, железная руда | P78: 181 | Q78: Ферма Эрдаль | R78: Валенсия | S78: Фисташки. Финики. Коробка сладкого мармелада. Кокон, шелковая нить. | U78: 285 | V78: Горы разделения | W78: Одиллита | X78: Порошок вреда, сгусток чистых чар
A79: 26 | B79: Укрепление Сармы | C79: Медия | D79: --- | I79: =F78-COUNTIF(I11:I78,"---") -> 24 | K79: 78 | L79: Остров Расиды (скрытый) | M79: Баленос | N79: Чертеж парус Чиро, звездный порошок, железная руда | P79: 182 | Q79: Платация Валенсии | R79: Валенсия | S79: Фрике. Фисташки. Финики. Ящик с сушеными финиками. | U79: 286 | V79: Тропа лезвий | W79: Одиллита | X79: Терновая древесина/сок
A80: 27 | B80: Замок Медии | C80: Медия | D80: --- | K80: 79 | L80: Остров Бареми | M80: Баленос | N80: --- | P80: 183 | Q80: Ферма Фохаллама | R80: Валенсия | S80: Теф. Ящик с пустынными злаками | U80: 287 | V80: Бездна бессмертия | W80: --- | X80: ---
A81: 28 | B81: Скалистая застава | C81: Валенсия | D81: --- | K81: 80 | L81: Остров Войта | M81: Баленос | N81: Сушеный тернем/дитреция/красноперка/омуль | P81: 184 | Q81: Остров Шокотан | R81: Валенсия | S81: --- | U81: 288 | V81: Гнездо Ворон | W81: --- | X81: ---
A82: 29 | B82: Вратат города Рун | C82: Валенсия | D82: --- | G82: 14 скрытых узлов Добычи (добыча при активации узла с помощью очков влияния или диалог с НПС) | K82: 81 | L82: Остров Бэйрува | M82: Медия | N82: Сушеная камбала/дитрем/хек/голубой хирург | P82: 185 | Q82: Остров Рид | R82: Валенсия | S82: --- | U82: 289 | V82: Хвост Авины | W82: Горы вечной зимы | X82: ---
A83: 30 | B83: Врата Бархана | C83: Валенсия | D83: --- | F83: 1 | G83: Святилище паломиков: Скромность | H83: Валенсия | I83: Инфа о добыче в списке узлов по локациям ---> | K83: 82 | L83: Остров Тарамура | M83: Медия | N83: Сушеная камбала/хек/голубой хирург ! Круглобрюшек/дитрем/хек/окунь | P83: 186 | Q83: Остров Есура | R83: Валенсия | S83: --- | U83: 290 | V83: Гнездо Ноуля Ветра | W83: Горы вечной зимы | X83: Древесина / сок снежного кедра
A84: 31 | B84: Замок Валенсии | C84: Валенсия | D84: --- | F84: 2 | G84: Руины фермы Линчей | H84: Серендия | K84: 83 | L84: Остров Остра | M84: Медия | N84: --- | P84: 187 | Q84: Остров Тигула | R84: Валенсия | S84: --- | U84: 291 | V84: Пояс Этерии | W84: Горы вечной зимы | X84: ---
A85: 32 | B85: Сторожевой пост Лемории | C85: Камасильвия | D85: --- | F85: 3 | G85: Древо Руя | H85: Кальфеон | K85: 84 | L85: Остров Аракиль | M85: Баленос | N85: --- | P85: 188 | Q85: Остров Силона | R85: Валенсия | S85: --- | U85: 292 | V85: Сад Маслан с Юдзу | W85: Горы вечной зимы | X85: Юдзу
A86: 33 | B86: Центральный лагерь Лемории | C86: Камасильвия | D86: --- | F86: 4 | G86: Ферма Бернито | H86: Кальфеон | K86: 85 | L86: Остров Канарис | M86: Баленос | N86: --- | P86: 189 | Q86: Остров Мадина | R86: Валенсия | S86: БАРТЕР | U86: 293 | V86: Снежная застава | W86: Горы вечной зимы | X86: ---
A87: 34 | B87: Смотровая башня Лемории | C87: Камасильвия | D87: --- | F87: 5 | G87: Лес Манш | H87: Кальфеон | K87: 86 | L87: Остров Орфс | M87: Баленос | N87: Сушеная ставрида/плотос/корифена/барбус ! Сазан/дитрем/рыба-клоун/барбус | P87: 190 | Q87: Остров Каршу | R87: Валенсия | S87: --- | U87: 294 | V87: Горы вечной зимы | W87: Горы вечной зимы | X87: Прозрачный лёд, Кусок прозрачного льда
A88: 35 | B88: Сторожевой лагерь Акер | C88: Камасильвия | D88: --- | F88: 6 | G88: Истоки Медвежьей реки | H88: Кальфеон | K88: 87 | L88: Остров Туллу | M88: Баленос | N88: --- | P88: 191 | Q88: Остров Шутра | R88: Валенсия | S88: --- | U88: 295 | V88: Молния Бронте | W88: Горы вечной зимы | X88: ---
A89: 36 | B89: Западный лагерь Акер | C89: Камасильвия | D89: --- | F89: 7 | G89: Каменный зал древних | H89: Баленос | K89: 88 | L89: Остров Рувиано | M89: Баленос | N89: Сушеная корифена/дитрем/плотос/бонит | P89: 192 | Q89: Остров Боат | R89: Валенсия | S89: --- | U89: 296 | V89: Лес Нефритовых звезд | W89: Горы вечной зимы | X89: Древесина / сок снежного кедра. Грубый нефрит
A90: 37 | B90: Южный лагерь Акер | C90: Камасильвия | D90: --- | F90: 8 | G90: Место раскопок | H90: Медия | K90: 89 | L90: Остров Тух | M90: Баленос | N90: --- | P90: 193 | Q90: Скалы Крисил | R90: Валенсия | S90: --- | U90: 297 | V90: Сторожевой пост на гором перевале | W90: Горы вечной зимы | X90: Древесина Ольхи, ветвь монарха
A91: 38 | B91: Спорная территория Ахибов | C91: Дриган | D91: --- | F91: 9 | G91: Закрытая шахта или Заброшенный железный рудник | H91: Медия | K91: 90 | L91: Остров Маривэйно | M91: Баленос | N91: Сушеный плотос/тернеция/рыба-клоун/сиган ! Плотос/сазан/бонит/сиган | P91: 194 | Q91: Руины стен Валенсии | R91: Валенсия | S91: --- | U91: 298 | V91: Лес Тори | W91: Горы вечной зимы | X91: Орляк
A92: 39 | B92: Застава ночных воронов | C92: Дриган | D92: --- | F92: 10 | G92: Лавовая пещера | H92: Медия | K92: 91 | L92: Остров Фаратама | M92: Баленос | N92: Сушеный плотос/дитрем/язь/омуль | P92: 195 | Q92: Побережъе Неккадо | R92: Валенсия | S92: --- | U92: 299 | V92: Рудник Шерехана | W92: Горы вечной зимы | X92: Грубый обсидиан. Порошок починки, кварц
A93: 40 | B93: Аванпост Марчи | C93: Дриган | D93: --- | F93: 11 | G93: Остров Альнаха | H93: Баленос | K93: 92 | L93: Остров Эвето | M93: Баленос | N93: --- | P93: 196 | Q93: Остров Дейко | R93: Валенсия | S93: --- | U93: 300 | V93: Заброшенные торговые ворота | W93: Горы вечной зимы | X93: ---
A94: 41 | B94: Забытые врата | C94: Дриган | D94: --- | F94: 12 | G94: Остров Расиды | H94: Баленос | K94: 93 | L94: Остров Вальведжу | M94: Баленос | N94: --- | P94: 197 | Q94: Заброшенная переправа (ранее Паром Шакату?) | R94: Валенсия | S94: --- | U94: 301 | V94: Алтарь безмолвных молитв | W94: Горы вечной зимы | X94: ---
A95: 42 | B95: База северо-западного аванпоста Кальфеона | C95: Кальфеон | D95: --- | F95: 13 | G95: Остров Веры | H95: Баленос | K95: 94 | L95: Остров Марлен | M95: Баленос | N95: --- | P95: 198 | Q95: Пальмовый лес Арехаза | R95: Валенсия | S95: Древесина/доска пальмы. Кокос. | U95: 302 | V95: Холм Звиер | W95: Горы вечной зимы | X95: Порошок смерти. Кварц. Мёд
A96: 43 | B96: Ворота Нампо | C96: Страна Утра | D96: --- | F96: 14 | G96: Остров Хошита | H96: Баленос | K96: 95 | L96: Остров Инвонен | M96: Баленос | N96: Сушеный плотос/ставрила/корифена/морской черт ! Ставрида/корифена/плотос/бонит | P96: 199 | Q96: Центр Кантуса | R96: Валенсия | S96: --- | U96: 303 | V96: Лагерь Балакс | W96: Горы вечной зимы | X96: Раскаленный черный минерал
A97: 44 | B97: Врата тигриных скал | C97: Страна Утра | D97: --- | K97: 96 | L97: Остров Анджу | M97: Баленос | N97: Сушеный плотос/сазан/бонит/тернеция ! Корифена/плотос/тернеция/рыба-клоун | P97: 200 | Q97: Пустыня Кантуса | R97: Валенсия | S97: --- | U97: 304 | V97: Дом Шарбона | W97: Горы вечной зимы | X97: ---
D98: =A97-COUNTIF(D54:D97,"---") -> 1 | K98: 97 | L98: Остров Ташю | M98: Баленос | N98: --- | P98: 201 | Q98: Северные дюны | R98: Валенсия | S98: Кора/сок/шип кактуса. | U98: 305 | V98: Путь последнего паломничества | W98: Горы вечной зимы | X98: Лисички, мешима. Пятнистый рыжик, Бамбуковый гриб
K99: 98 | L99: Остров Эфдэ Рун | M99: Баленос | N99: Сушеная корифена/плотос/сазан/бонит | P99: 202 | Q99: Вулкан Габи | R99: Валенсия | S99: Ванадий,пыль разрушения,грубый синий хрусталь. Титан,пыль огня,грубый фиолетовый хрусталь | U99: 306 | V99: Деравня мечников | W99: Страна утра | X99: Малина, хурма
G100: Острров Эйлат | H100: Океан | I100: --- | K100: 99 | L100: Остров Марка | M100: Баленос | N100: --- | P100: 203 | Q100: Кратер Габи | R100: Валенсия | S100: Титан,пыль огня,грубый фиолетовый хрусталь | U100: 307 | V100: Бамбуклвый лес | W100: Страна утра | X100: ---
G101: Остров Жаган | H101: Океан | I101: --- | K101: 100 | L101: Остров Руруба | M101: Баленос | N101: Сушеный плотос/рыба-клоун/тамарин/тунец | P101: 204 | Q101: Прибрежные скалы Габи | R101: Валенсия | S101: Ванадий,пыль тьмы,грубый опал. Календула, пучок календулы. | U101: 308 | V101: Сосновый лес | W101: Страна утра | X101: Орляк
G102: Остров Малиул | H102: Океан | I102: --- | K102: 101 | L102: Остров Старэн | M102: Баленос | N102: Сушенный плотос/осетр/тамарин/тунец ! Корифена/сазан/окунь/коилия | P102: 205 | Q102: Пустошь слоновой кости | R102: Валенсия | S102: --- | U102: 309 | V102: Школа изумрудной горы | W102: Страна утра | X102: ---
G103: Остров Гренада | H103: Океан | I103: Сушеная летучая рыба/марлин/линь/судак. Креветка. Устрица | K103: 102 | L103: Остров Рисч | M103: Баленос | N103: Сушенный плотос/тернеция/тамарин/тунец ! Корифена/сазан/бонит/коилия | P103: 206 | Q103: Утес Иверо | R103: Валенсия | S103: Боровик,хороший боровик, отборный боровик | U103: 310 | V103: Лес Токкэби | W103: Страна утра | X103: Порошок земли / починки, Грубый прозрачный хрусталь, Таинственный порошок, Искра сияющей добродетели, Кристалл леса / гармонии
K104: 103 | L104: Остров Нарвы | M104: Баленос | N104: --- | P104: 207 | Q104: Скалы Донн | R104: Валенсия | S104: --- | U104: 311 | V104: Пещера золотой свиньи | W104: Страна утра | X104: Кристалл тени / ожесточения, Порошок варваров, Таинственный порошок,
K105: 104 | L105: Остров Альбрессо | M105: Кальфеон | N105: Сушеный остронос/скат/килька/осминог | P105: 208 | Q105: Остров Хакобон | R105: Валенсия | S105: --- | U105: 312 | V105: Плато Коун | W105: Страна утра | X105: Тростник
N106: =104-COUNTIF(N2:N105,"---") -> 62 | S106: =104-COUNTIF(S2:S105,"---") -> 49 | U106: 313 | V106: Деревня иссохшего леса | W106: Страна утра | X106: ---
U107: 314 | V107: Весенний край | W107: Страна утра | X107: Древеснина / сок сосны, Орляк
U108: 315 | V108: Застава красных разбойников | W108: Страна утра | X108: Древеснина / сок сосны, Орляк
U109: 316 | V109: Лисий перевал | W109: Страна утра | X109: Малина, фиалка
U110: 317 | V110: Лес Пари | W110: Страна утра | X110: Тигровый цветок, древесина кедра, волшебный листок
U111: 318 | V111: Тигриное нагорье | W111: Страна утра | X111: Древесина/сок клена, кора старого дерева. Тигровый цветок.Кристалл уничтожения, порошок земли, таинственный порошок
U112: 319 | V112: Остров Хеммо | W112: Страна утра | X112: Порошок памяти, таинственный порошок
U113: 320 | V113: Остров Пёкке | W113: Страна утра | X113: ---
U114: 321 | V114: Пристань Таллэ (Шахта пристани Таллэ) | W114: Страна утра | X114: Чертеж пушка/парус/фигура/крепкая обшивка Пёкке, Звездный порошое, Таинственный порошок
X115: =321-104-104-COUNTIF(X2:X113,"---") -> 46

Sheet + Фильтр узлы + ресурсы
A1: Автор гайда (и этой таблички) по добыче ресурсов на узлах и баракам для рабов в БДО - Стаффи
A3: Область | B3: Узлы Добычи (647 штук) | C3: Добываемый ресурс
A4: ='УзлыРесы(1)'!C13 -> Баленос | B4: ='УзлыРесы(1)'!B13 -> Велия | C4: Золотые слитки
A5: =A4 -> Баленос | B5: =B4 -> Велия | C5: Серебро
A6: =A5 -> Баленос | B6: ='УзлыРесы(1)'!B28 -> Город Оливия | C6: ='УзлыРесы(1)'!D28 -> Ящик с древесиной из Баленоса
A7: =A6 -> Баленос | B7: ='УзлыРесы(1)'!B37 -> Остров Илия | C7: ='УзлыРесы(1)'!D37 -> Амулет Илии
A8: =A7 -> Баленос | B8: ='УзлыРесы(1)'!G2 -> Ферма Бартелли | C8: Картофель
A9: =A8 -> Баленос | B9: =B8 -> Ферма Бартелли | C9: Курица
A10: =A9 -> Баленос | B10: =B9 -> Ферма Бартелли | C10: Яйцо
A11: =A10 -> Баленос | B11: =B10 -> Ферма Бартелли | C11: Жареная курица
A12: =A11 -> Баленос | B12: ='УзлыРесы(1)'!L2 -> Ферма Пинто | C12: Картофель
A13: =A12 -> Баленос | B13: =B12 -> Ферма Пинто | C13: Курица
A14: =A13 -> Баленос | B14: =B13 -> Ферма Пинто | C14: Яйцо
A15: =A14 -> Баленос | B15: =B14 -> Ферма Пинто | C15: Яблочный джем Пинто
A16: =A15 -> Баленос | B16: ='УзлыРесы(1)'!L5 -> Ферма Лоджи | C16: Картофель
A17: =A16 -> Баленос | B17: =B16 -> Ферма Лоджи | C17: Ящик с отборным картофелем
A18: =A17 -> Баленос | B18: ='УзлыРесы(1)'!L6 -> Ферма Марино | C18: ='УзлыРесы(1)'!N6 -> Талисман счастья из прозрачного хрусталя
A19: =A18 -> Баленос | B19: ='УзлыРесы(1)'!L10 -> Лес Баленоса | C19: Календула
A20: =A19 -> Баленос | B20: =B19 -> Лес Баленоса | C20: Пучок календулы
A21: =A20 -> Баленос | B21: =B20 -> Лес Баленоса | C21: Древесина ясеня
A22: =A21 -> Баленос | B22: =B21 -> Лес Баленоса | C22: Волшебный листок
A23: =A22 -> Баленос | B23: ='УзлыРесы(1)'!L11 -> Ферма Тоскани | C23: Кукуруза
A24: =A23 -> Баленос | B24: =B23 -> Ферма Тоскани | C24: Ящик с отборной кукурузой
A25: =A24 -> Баленос | B25: ='УзлыРесы(1)'!L79 -> Остров Расиды (скрытый) | C25: Чертеж парус Чиро
A26: =A25 -> Баленос | B26: =B25 -> Остров Расиды (скрытый) | C26: Звездный порошок
A27: =A26 -> Баленос | B27: =B26 -> Остров Расиды (скрытый) | C27: Железная руда
A28: =A27 -> Баленос | B28: ='УзлыРесы(1)'!L89 -> Остров Рувиано | C28: Сушеная корифена
A29: =A28 -> Баленос | B29: =B28 -> Остров Рувиано | C29: Сушеный дитрем
A30: =A29 -> Баленос | B30: =B29 -> Остров Рувиано | C30: Сушеный плотос
A31: =A30 -> Баленос | B31: =B30 -> Остров Рувиано | C31: Сушеный бонит
A32: =A31 -> Баленос | B32: ='УзлыРесы(1)'!L101 -> Остров Руруба | C32: Сушеный плотос
A33: =A32 -> Баленос | B33: =B32 -> Остров Руруба | C33: Сушеная рыба клоун
A34: =A33 -> Баленос | B34: =B33 -> Остров Руруба | C34: Сушеный тамарин
A35: =A34 -> Баленос | B35: =B34 -> Остров Руруба | C35: Сушеный тунец
A36: =A35 -> Баленос | B36: ='УзлыРесы(1)'!G12 -> Пещера гоблинов | C36: Древесина ясеня
A37: =A36 -> Баленос | B37: =B36 -> Пещера гоблинов | C37: Волшебный листок
A38: =A37 -> Баленос | B38: =B37 -> Пещера гоблинов | C38: Медная руда
A39: =A38 -> Баленос | B39: =B38 -> Пещера гоблинов | C39: Грубый прозрачный хрусталь
A40: =A39 -> Баленос | B40: ='УзлыРесы(1)'!G13 -> Роща отшельников | C40: Древесина клена
A41: =A40 -> Баленос | B41: =B40 -> Роща отшельников | C41: Ветвь монарха
A42: =A41 -> Баленос | B42: =B41 -> Роща отшельников | C42: Медная руда
A43: =A42 -> Баленос | B43: =B42 -> Роща отшельников | C43: Пыль огня
A44: =A43 -> Баленос | B44: ='УзлыРесы(1)'!L3 -> Каменный зал древних (скрытый) | C44: Увядшие листья
A45: =A44 -> Баленос | B45: =B44 -> Каменный зал древних (скрытый) | C45: Треснуыший коготь
A46: =A45 -> Баленос | B46: =B45 -> Каменный зал древних (скрытый) | C46: Порошок земли
A47: =A46 -> Баленос | B47: =B46 -> Каменный зал древних (скрытый) | C47: Порошок починки
A48: =A47 -> Баленос | B48: ='УзлыРесы(1)'!L4 -> Пещера бесов | C48: Медная руда
A49: =A48 -> Баленос | B49: =B48 -> Пещера бесов | C49: Пыль огня
A50: =A49 -> Баленос | B50: ='УзлыРесы(1)'!L7 -> Руины замка Крон | C50: Календула
A51: =A50 -> Баленос | B51: =B50 -> Руины замка Крон | C51: Пучок календулы
A52: =A51 -> Баленос | B52: ='УзлыРесы(1)'!L8 -> Холм Эхваз | C52: Древесина ясеня
A53: =A52 -> Баленос | B53: =B52 -> Холм Эхваз | C53: Сок ясеня
A54: =A53 -> Баленос | B54: =B53 -> Холм Эхваз | C54: Подосиновик
A55: =A54 -> Баленос | B55: =B54 -> Холм Эхваз | C55: Большой подосиновик
A56: =A55 -> Баленос | B56: ='УзлыРесы(1)'!L9 -> Лес разбойников | C56: Боровик
A57: =A56 -> Баленос | B57: =B56 -> Лес разбойников | C57: Большой боровик
A58: =A57 -> Баленос | B58: ='УзлыРесы(1)'!L12 -> Прибрежная пещера | C58: Железная руда
A59: =A58 -> Баленос | B59: =B58 -> Прибрежная пещера | C59: Пыль тьмы
A60: =A59 -> Баленос | B60: =B59 -> Прибрежная пещера | C60: Медная руда
A61: =A60 -> Баленос | B61: =B60 -> Прибрежная пещера | C61: Пыль огня
A62: =A61 -> Баленос | B62: ='УзлыРесы(1)'!L14 -> Прибрежные скалы | C62: Железная руда
A63: =A62 -> Баленос | B63: =B62 -> Прибрежные скалы | C63: Пыль тьмы
A64: =A63 -> Баленос | B64: =B63 -> Прибрежные скалы | C64: Подосиновик
A65: =A64 -> Баленос | B65: =B64 -> Прибрежные скалы | C65: Большой подосиновик
A66: =A65 -> Баленос | B66: ='УзлыРесы(1)'!L17 -> Ферма Касто | C66: Виноград
A67: =A66 -> Баленос | B67: =B66 -> Ферма Касто | C67: Ящик с отборным виноградом
A68: =A67 -> Баленос | B68: ='УзлыРесы(1)'!L18 -> Ферма Вейла | C68: Олива
A69: =A68 -> Баленос | B69: =B68 -> Ферма Вейла | C69: Ящик с отборными оливками
A70: =A69 -> Баленос | B70: ='УзлыРесы(1)'!L19 -> Волчий холм | C70: ='УзлыРесы(1)'!N19 -> Древесина ясеня
A71: =A70 -> Баленос | B71: ='УзлыРесы(1)'!L21 -> Утес Фудо | C71: ='УзлыРесы(1)'!N21 -> Медная руда
A72: =A71 -> Баленос | B72: ='УзлыРесы(1)'!L76 -> Остров Фузара | C72: Сушеный сазан
A73: =A72 -> Баленос | B73: =B72 -> Остров Фузара | C73: Сушеный бонит
A74: =A73 -> Баленос | B74: =B73 -> Остров Фузара | C74: Сушеная рыба клоун
A75: =A74 -> Баленос | B75: =B74 -> Остров Фузара | C75: Сушеный Марлин
A76: =A75 -> Баленос | B76: =B75 -> Остров Фузара | C76: Сушеный плотос
A77: =A76 -> Баленос | B77: =B76 -> Остров Фузара | C77: Сушеная корифена
A78: =A77 -> Баленос | B78: =B77 -> Остров Фузара | C78: Сушеный бонит
A79: =A78 -> Баленос | B79: =B78 -> Остров Фузара | C79: Сушеный нитипер
A80: =A79 -> Баленос | B80: ='УзлыРесы(1)'!L78 -> Остров Альхана (скрытый) | C80: Чертеж пушка Чиро
A81: =A80 -> Баленос | B81: =B80 -> Остров Альхана (скрытый) | C81: Звездный порошок
A82: =A81 -> Баленос | B82: =B81 -> Остров Альхана (скрытый) | C82: Железная руда
A83: =A82 -> Баленос | B83: ='УзлыРесы(1)'!L81 -> Остров Войта | C83: Сушеный тернем
A84: =A83 -> Баленос | B84: =B83 -> Остров Войта | C84: Сушеная дитреция
A85: =A84 -> Баленос | B85: =B84 -> Остров Войта | C85: Сушеная красноперка
A86: =A85 -> Баленос | B86: =B85 -> Остров Войта | C86: Сушеный омуль
A87: =A86 -> Баленос | B87: ='УзлыРесы(1)'!L87 -> Остров Орфс | C87: Сушеная ставрида
A88: =A87 -> Баленос | B88: =B87 -> Остров Орфс | C88: Сушеный плотос
A89: =A88 -> Баленос | B89: =B88 -> Остров Орфс | C89: Сушеная корифена
A90: =A89 -> Баленос | B90: =B89 -> Остров Орфс | C90: Сушеный барбус
A91: =A90 -> Баленос | B91: =B90 -> Остров Орфс | C91: Сушеный сазан
A92: =A91 -> Баленос | B92: =B91 -> Остров Орфс | C92: Сушеный дитрем
A93: =A92 -> Баленос | B93: =B92 -> Остров Орфс | C93: Сушеная рыба клоун
A94: =A93 -> Баленос | B94: =B93 -> Остров Орфс | C94: Сушеный барбус
A95: =A94 -> Баленос | B95: ='УзлыРесы(1)'!L91 -> Остров Маривэйно | C95: Сушеный плотос
A96: =A95 -> Баленос | B96: =B95 -> Остров Маривэйно | C96: Сушеная тернеция
A97: =A96 -> Баленос | B97: =B96 -> Остров Маривэйно | C97: Сушеная рыба клоун
A98: =A97 -> Баленос | B98: =B97 -> Остров Маривэйно | C98: Сушеная сиган
A99: =A98 -> Баленос | B99: =B98 -> Остров Маривэйно | C99: Сушеный плотос
A100: =A99 -> Баленос | B100: =B99 -> Остров Маривэйно | C100: Сушеный сазан
A101: =A100 -> Баленос | B101: =B100 -> Остров Маривэйно | C101: Сушеный бонит
...

Sheet Баленос-Серендия
A1: Автор гайда (и этой таблички) по добыче ресурсов на узлах и баракам для рабов в БДО - Стаффи
A3: Узлы Баленоса (38 шт.) | B3: Добываемый ресурс | D3: Узлы Серендии (15 шт.) | E3: Добываемый ресурс
A4: ='УзлыРесы(1)'!B13 -> Велия | B4: ='УзлыРесы(1)'!D13 -> Золотые слитки, серебро | D4: ='УзлыРесы(1)'!B14 -> Хидель | E4: ='УзлыРесы(1)'!D14 -> Золотые слитки, серебро
A5: ='УзлыРесы(1)'!B28 -> Город Оливия | B5: ='УзлыРесы(1)'!D28 -> Ящик с древесиной из Баленоса | D5: ='УзлыРесы(1)'!B29 -> Город Глиши | E5: ='УзлыРесы(1)'!D29 -> Ящик с отборным Подберёзовиком + золотые слитки, серебро
A6: ='УзлыРесы(1)'!B37 -> Остров Илия | B6: ='УзлыРесы(1)'!D37 -> Амулет Илии | D6: ='УзлыРесы(1)'!G3 -> Ферма Алехандро | E6: ='УзлыРесы(1)'!I3 -> Тыква. Мёд. Особый мёд Алехандро
A7: ='УзлыРесы(1)'!G2 -> Ферма Бартелли | B7: ='УзлыРесы(1)'!I2 -> Картофель. Курица, яйцо. Жареная курица | D7: ='УзлыРесы(1)'!L26 -> Ферма Коста | E7: ='УзлыРесы(1)'!N26 -> Пшеница. Тыква. Лён, льняная нить. Ящик с отборной тыквой
A8: ='УзлыРесы(1)'!L2 -> Ферма Пинто | B8: ='УзлыРесы(1)'!N2 -> Картофель. Курица, яйцо. Яблочный джем Пинто | D8: ='УзлыРесы(1)'!L27 -> Плантация Моретти | E8: ='УзлыРесы(1)'!N27 -> Пшеница. Лён, льняная нить. Ящик с отборной пшеницей
A9: ='УзлыРесы(1)'!L5 -> Ферма Лоджи | B9: ='УзлыРесы(1)'!N5 -> Картофель. Ящик с отборным картофелем | D9: ='УзлыРесы(1)'!L29 -> Ранчо Линчей | E9: ='УзлыРесы(1)'!N29 -> Шерсть, шерстяная нить
A10: ='УзлыРесы(1)'!L6 -> Ферма Марино | B10: ='УзлыРесы(1)'!N6 -> Талисман счастья из прозрачного хрусталя | D10: ='УзлыРесы(1)'!L34 -> Северные болота | E10: ='УзлыРесы(1)'!N34 -> Головач, большой головач. Ящик с отборным головачом
A11: ='УзлыРесы(1)'!L10 -> Лес Баленоса | B11: ='УзлыРесы(1)'!N10 -> Календула, Пучок календулы. Древесина ясеня, волшебный листок | D11: ='УзлыРесы(1)'!G14 -> Руины замка | E11: ='УзлыРесы(1)'!I14 -> Древесина, сок клёна
A12: ='УзлыРесы(1)'!L11 -> Ферма Тоскани | B12: ='УзлыРесы(1)'!N11 -> Кукуруза. Ящик с отборной кукурузой | D12: ='УзлыРесы(1)'!G16 -> Святилище Серендии | E12: ='УзлыРесы(1)'!I16 -> Древесина соcны, ветвь монарха
A13: ='УзлыРесы(1)'!L79 -> Остров Расиды (скрытый) | B13: ='УзлыРесы(1)'!N79 -> Чертеж парус Чиро, звездный порошок, железная руда | D13: ='УзлыРесы(1)'!L28 -> Шахта Хиделя | E13: ='УзлыРесы(1)'!N28 -> Железная руда, пыль тьмы. Медная руда, пыль огня
A14: ='УзлыРесы(1)'!L89 -> Остров Рувиано | B14: ='УзлыРесы(1)'!N89 -> Сушеная корифена/дитрем/плотос/бонит | D14: ='УзлыРесы(1)'!L30 -> Северная равнина Серендии | E14: ='УзлыРесы(1)'!N30 -> Азалия. Древесина клёна, красная почка
A15: ='УзлыРесы(1)'!L101 -> Остров Руруба | B15: ='УзлыРесы(1)'!N101 -> Сушеный плотос/рыба-клоун/тамарин/тунец | D15: ='УзлыРесы(1)'!L31 -> Болота Глиши | E15: ='УзлыРесы(1)'!N31 -> Подберёзовик, большой Подберёзовик. Свинцовая руда, пыль веков
A16: ='УзлыРесы(1)'!G12 -> Пещера гоблинов | B16: ='УзлыРесы(1)'!I12 -> Древесина ясеня, волшебный листок. Медная руда, грубый прозрачный хрусталь | D16: ='УзлыРесы(1)'!L32 -> Южное болото | E16: ='УзлыРесы(1)'!N32 -> Железная руда, грубый черный хрусталь. Подберёзовик, большой Подберёзовик. Тайное послание
A17: ='УзлыРесы(1)'!G13 -> Роща отшельников | B17: ='УзлыРесы(1)'!I13 -> Древесина клёна, ветвь монарха. Медная руда, пыль огня | D17: ='УзлыРесы(1)'!L33 -> Руины Глиши | E17: ='УзлыРесы(1)'!N33 -> Чёрная земля, острый обломок шлема, затупленный осколок, порошок изначальности /охотников
A18: ='УзлыРесы(1)'!L3 -> Каменный зал древних (скрытый) | B18: ='УзлыРесы(1)'!N3 -> Увядшие листья, треснувший коготь, порошок земли, порошок починки | D18: ='УзлыРесы(1)'!L35 -> Руины фермы Линчей (скрытый) | E18: ='УзлыРесы(1)'!N35 -> Азалия. Сломаный рог, колесо телеги, тканьжилища бесов. Порошок варваров / охотников
A19: ='УзлыРесы(1)'!L4 -> Пещера бесов | B19: ='УзлыРесы(1)'!N4 -> Медная руда, пыль огня | E19: 15
A20: ='УзлыРесы(1)'!L7 -> Руины замка Крон | B20: ='УзлыРесы(1)'!N7 -> Календула, пучок клендулы
A21: ='УзлыРесы(1)'!L8 -> Холм Эхваз | B21: ='УзлыРесы(1)'!N8 -> Древесина, сок ясеня. Подосиновик, большой подосиновик
A22: ='УзлыРесы(1)'!L9 -> Лес разбойников | B22: ='УзлыРесы(1)'!N9 -> Боровик, большой боровик
A23: ='УзлыРесы(1)'!L12 -> Прибрежная пещера | B23: ='УзлыРесы(1)'!N12 -> Железная руда, пыль тьмы. Медная руда, пыль огня
A24: ='УзлыРесы(1)'!L14 -> Прибрежные скалы | B24: ='УзлыРесы(1)'!N14 -> Железная руда, пыль тьмы. Подосиновик, большой подосиновик
A25: ='УзлыРесы(1)'!L17 -> Ферма Касто | B25: ='УзлыРесы(1)'!N17 -> Виноград, ящик с отборным виноградом
A26: ='УзлыРесы(1)'!L18 -> Ферма Вейла | B26: ='УзлыРесы(1)'!N18 -> Олива, ящик с отборными оливками
A27: ='УзлыРесы(1)'!L19 -> Волчий холм | B27: ='УзлыРесы(1)'!N19 -> Древесина ясеня
A28: ='УзлыРесы(1)'!L21 -> Утес Фудо | B28: ='УзлыРесы(1)'!N21 -> Медная руда
A29: ='УзлыРесы(1)'!L76 -> Остров Фузара | B29: ='УзлыРесы(1)'!N76 -> Сушеный сазан/бонит/рыба-клоун/марлин ! Плотос/корифена/бонит/нитипер
A30: ='УзлыРесы(1)'!L78 -> Остров Альхана (скрытый) | B30: ='УзлыРесы(1)'!N78 -> Чертеж пушка Чиро, звездный порошок, железная руда
A31: ='УзлыРесы(1)'!L81 -> Остров Войта | B31: ='УзлыРесы(1)'!N81 -> Сушеный тернем/дитреция/красноперка/омуль
A32: ='УзлыРесы(1)'!L87 -> Остров Орфс | B32: ='УзлыРесы(1)'!N87 -> Сушеная ставрида/плотос/корифена/барбус ! Сазан/дитрем/рыба-клоун/барбус
A33: ='УзлыРесы(1)'!L91 -> Остров Маривэйно | B33: ='УзлыРесы(1)'!N91 -> Сушеный плотос/тернеция/рыба-клоун/сиган ! Плотос/сазан/бонит/сиган
A34: ='УзлыРесы(1)'!L92 -> Остров Фаратама | B34: ='УзлыРесы(1)'!N92 -> Сушеный плотос/дитрем/язь/омуль
A35: ='УзлыРесы(1)'!L96 -> Остров Инвонен | B35: ='УзлыРесы(1)'!N96 -> Сушеный плотос/ставрила/корифена/морской черт ! Ставрида/корифена/плотос/бонит
A36: ='УзлыРесы(1)'!L97 -> Остров Анджу | B36: ='УзлыРесы(1)'!N97 -> Сушеный плотос/сазан/бонит/тернеция ! Корифена/плотос/тернеция/рыба-клоун
A37: ='УзлыРесы(1)'!L99 -> Остров Эфдэ Рун | B37: ='УзлыРесы(1)'!N99 -> Сушеная корифена/плотос/сазан/бонит
A38: ='УзлыРесы(1)'!L102 -> Остров Старэн | B38: ='УзлыРесы(1)'!N102 -> Сушенный плотос/осетр/тамарин/тунец ! Корифена/сазан/окунь/коилия
A39: ='УзлыРесы(1)'!L103 -> Остров Рисч | B39: ='УзлыРесы(1)'!N103 -> Сушенный плотос/тернеция/тамарин/тунец ! Корифена/сазан/бонит/коилия
A40: ='УзлыРесы(1)'!Q24 -> Остров Веры (скрытый) | B40: ='УзлыРесы(1)'!S24 -> Чертеж фигура Чиро, звездный порошок, железная руда
A41: ='УзлыРесы(1)'!Q25 -> Остров Хошита (скрытый) | B41: ='УзлыРесы(1)'!S25 -> Чертеж черный парус Чиро, звездный порошок, железная руда
B42: 38

Sheet Кальфеон - СтранаУтра
A1: Автор гайда (и этой таблички) по добыче ресурсов на узлах и баракам для рабов в БДО - Стаффи
A3: Узлы Кальфеона (46 шт.) | B3: Добываемый ресурс | D3: Узлы Страны утра (46 шт.) | E3: Добываемый ресурс
A4: ='УзлыРесы(1)'!B15 -> Кальфеон | B4: ='УзлыРесы(1)'!D15 -> Золотые слитки, серебро | D4: ='УзлыРесы(1)'!B49 -> Рисовая деревня | E4: ='УзлыРесы(1)'!D49 -> Рис / Петсай / Редька / Красная азалия / Розовая азалия
A5: ='УзлыРесы(1)'!B30 -> Кеплан | B5: ='УзлыРесы(1)'!D30 -> Золотые слитки, серебро | D5: ='УзлыРесы(1)'!V99 -> Деравня мечников | E5: ='УзлыРесы(1)'!X99 -> Малина, хурма
A6: ='УзлыРесы(1)'!B31 -> Деревня Флорин | B6: ='УзлыРесы(1)'!D31 -> Ящик трав Флорина + золотые слитки, серебро | D6: ='УзлыРесы(1)'!V101 -> Сосновый лес | E6: ='УзлыРесы(1)'!X101 -> Орляк
A7: ='УзлыРесы(1)'!B32 -> Портовый город Эферия | B7: ='УзлыРесы(1)'!D32 -> Ящик морепродуктов (сиган) | D7: ='УзлыРесы(1)'!V103 -> Лес Токкэби | E7: ='УзлыРесы(1)'!X103 -> Порошок земли / починки, Грубый прозрачный хрусталь, Таинственный порошок, Искра сияющей добродетели, Кристалл леса / гармонии
A8: ='УзлыРесы(1)'!B33 -> Деревня Трент | B8: ='УзлыРесы(1)'!D33 -> Ящик с древесиной из Кальфеона | D8: ='УзлыРесы(1)'!V104 -> Пещера золотой свиньи | E8: ='УзлыРесы(1)'!X104 -> Кристалл тени / ожесточения, Порошок варваров, Таинственный порошок,
A9: ='УзлыРесы(1)'!B34 -> Медвежья деревня | B9: ='УзлыРесы(1)'!D34 -> Ящик с древесиной из Кальфеона | D9: ='УзлыРесы(1)'!V105 -> Плато Коун | E9: ='УзлыРесы(1)'!X105 -> Тростник
A10: ='УзлыРесы(1)'!B35 -> Северное поле пшеницы | B10: ='УзлыРесы(1)'!D35 -> Перец. Пшеница. Ячмень. Ящик с отборным подсолнухом + золотые слитки, серебро | D10: ='УзлыРесы(1)'!V107 -> Весенний край | E10: ='УзлыРесы(1)'!X107 -> Древеснина / сок сосны, Орляк
A11: ='УзлыРесы(1)'!L41 -> Ферма Диас | B11: ='УзлыРесы(1)'!N41 -> Ящик с отборными помидорами | D11: ='УзлыРесы(1)'!V108 -> Застава красных разбойников | E11: ='УзлыРесы(1)'!X108 -> Древеснина / сок сосны, Орляк
A12: ='УзлыРесы(1)'!L44 -> Ферма Бернито (скрытый) | B12: ='УзлыРесы(1)'!N44 -> Заражёный клык, осколок скульптыры / артефакта, порошок битвы / леса | D12: ='УзлыРесы(1)'!V109 -> Лисий перевал | E12: ='УзлыРесы(1)'!X109 -> Малина, фиалка
A13: ='УзлыРесы(1)'!L47 -> Ранчо Фаарс | B13: ='УзлыРесы(1)'!N47 -> Кукурузный хлеб | D13: ='УзлыРесы(1)'!V110 -> Лес Пари | E13: ='УзлыРесы(1)'!X110 -> Тигровый цветок, древесина кедра, волшебный листок
A14: ='УзлыРесы(1)'!L49 -> Угодья Бейн | B14: ='УзлыРесы(1)'!N49 -> Ящик с отборной кукурузой | D14: ='УзлыРесы(1)'!V111 -> Тигриное нагорье | E14: ='УзлыРесы(1)'!X111 -> Древесина/сок клена, кора старого дерева. Тигровый цветок.Кристалл уничтожения, порошок земли, таинственный порошок
A15: ='УзлыРесы(1)'!L55 -> Ферма Джанни | B15: ='УзлыРесы(1)'!N55 -> Ящик с отборной черноголовкой | D15: ='УзлыРесы(1)'!V112 -> Остров Хеммо | E15: ='УзлыРесы(1)'!X112 -> Порошок памяти, таинственный порошок
A16: ='УзлыРесы(1)'!L65 -> Ферма Габино | B16: ='УзлыРесы(1)'!N65 -> Ящик с отборным подсолнухом | D16: ='УзлыРесы(1)'!V114 -> Пристань Таллэ (Шахта пристани Таллэ) | E16: ='УзлыРесы(1)'!X114 -> Чертеж пушка/парус/фигура/крепкая обшивка Пёкке, Звездный порошое, Таинственный порошок
A17: ='УзлыРесы(1)'!L66 -> Лес Манш (скрытый) | B17: ='УзлыРесы(1)'!N66 -> Древесина, сок кипариса, Старый коготь, шкура медведя, проклятый осколок, порошок пепла / вреда | E17: 13
A18: ='УзлыРесы(1)'!L70 -> Лесной сторожевой пост | B18: ='УзлыРесы(1)'!N70 -> Черноголоска, пучок черноголовки. Стрела скаутов
A19: ='УзлыРесы(1)'!L71 -> Хижина Фонеля | B19: ='УзлыРесы(1)'!N71 -> Древесина, сок кипариса.
A20: ='УзлыРесы(1)'!L105 -> Остров Альбрессо | B20: ='УзлыРесы(1)'!N105 -> Сушеный остронос/скат/килька/осминог
A21: ='УзлыРесы(1)'!Q4 -> Остров Дэйтан | B21: ='УзлыРесы(1)'!S4 -> Сушеная ставрида/летучая рыба/налим/судак. БАРТЕР
A22: ='УзлыРесы(1)'!Q7 -> Остров Рандис | B22: ='УзлыРесы(1)'!S7 -> Сушеная ставрида/налим/красноперка/осминог ! Осетр/налим/килька/эвус. БАРТЕР
A23: ='УзлыРесы(1)'!B64 -> Замок рыцарей Дельпе | B23: ='УзлыРесы(1)'!D64 -> Талисман любви из красного хрусталя
A24: ='УзлыРесы(1)'!G20 -> Западный лес Бри | B24: ='УзлыРесы(1)'!I20 -> Древесина, сок ольхи. Опёнок, болшой опёнок
A25: ='УзлыРесы(1)'!G22 -> Хребет Каранды | B25: ='УзлыРесы(1)'!I22 -> Черноголовка, пучок черноголовки
A26: ='УзлыРесы(1)'!G23 -> Хребет дьявола | B26: ='УзлыРесы(1)'!I23 -> Древесина ольхи, красная почка
A27: ='УзлыРесы(1)'!G25 -> Перевал Эви | B27: ='УзлыРесы(1)'!I25 -> Древесина кедра, ветвь монарха
A28: ='УзлыРесы(1)'!G27 -> Первый лагерь гигантов | B28: ='УзлыРесы(1)'!I27 -> Свинцовая руда, пыль разрушения
A29: ='УзлыРесы(1)'!G31 -> Пещера глутонов | B29: ='УзлыРесы(1)'!I31 -> Уголь, пыль разрушения. Вешенка, большая вешенка
A30: ='УзлыРесы(1)'!G33 -> Лес Энтов | B30: ='УзлыРесы(1)'!I33 -> Древесина кипариса, сучок кровавого дерева
A31: ='УзлыРесы(1)'!G34 -> Лагерь Ратамов | B31: ='УзлыРесы(1)'!I34 -> Оловянная руда, грубый зеленый хрусталь
A32: ='УзлыРесы(1)'!G37 -> Тёмный лес | B32: ='УзлыРесы(1)'!I37 -> Древесина, сок кедра
A33: ='УзлыРесы(1)'!G78 -> Звездная гробница | B33: ='УзлыРесы(1)'!I78 -> Сгусток чистых чар. Порошок вреда/смерти. Медная руда, кусок меди. Раскрошившийся осколок звезды
A34: ='УзлыРесы(1)'!L39 -> Холм Квинт | B34: ='УзлыРесы(1)'!N39 -> Древесина ольхи, красная почка. Свинцовая руда, пыль веков
A35: ='УзлыРесы(1)'!L42 -> Долина Эферии | B35: ='УзлыРесы(1)'!N42 -> Волнушка, большая волнушка
A36: ='УзлыРесы(1)'!L48 -> Рубеж мертвых | B36: ='УзлыРесы(1)'!N48 -> Железная руда, пыль тьмы
A37: ='УзлыРесы(1)'!L57 -> Шахта Кеплана | B37: ='УзлыРесы(1)'!N57 -> Уголь, пыль разрушения
A38: ='УзлыРесы(1)'!L61 -> Истоки медвежьей реки (скрытый) | B38: ='УзлыРесы(1)'!N61 -> Оловянная руда, пыль притяжения
A39: ='УзлыРесы(1)'!L64 -> Древо Руя (скрытый) | B39: ='УзлыРесы(1)'!N64 -> Вешенка, большая вешенка. Костяное ожерелье, старый коготь, Угаснувший порошок, прошок пепла / леса
A40: ='УзлыРесы(1)'!L67 -> Пещера Мари | B40: ='УзлыРесы(1)'!N67 -> Древесина / сок сосны. Груздь, большой груздь
A41: ='УзлыРесы(1)'!L69 -> Хижина дровосека | B41: ='УзлыРесы(1)'!N69 -> Древесина кедра, волшебный листок
A42: ='УзлыРесы(1)'!Q3 -> Остров Овэн | B42: ='УзлыРесы(1)'!S3 -> Сушеный дитрем/остронос/килька/язь ! Ставрида/налим/летучая рыба/язь. БАРТЕР
A43: ='УзлыРесы(1)'!Q5 -> Остров Тондэ | B43: ='УзлыРесы(1)'!S5 -> БАРТЕР
A44: ='УзлыРесы(1)'!Q6 -> Остров Варатерра | B44: ='УзлыРесы(1)'!S6 -> Сушеный дитрем/остронос/скат/килька ! Остронос/ставрида/летучая рыба/налим
A45: ='УзлыРесы(1)'!Q8 -> Остров Серка | B45: ='УзлыРесы(1)'!S8 -> Сушеный остронос/осетр/летучая рыба/карась
A46: ='УзлыРесы(1)'!Q9 -> Остров Ваэджа | B46: ='УзлыРесы(1)'!S9 -> Сушеный остронос/ставрида/осьминог/омуль
A47: ='УзлыРесы(1)'!Q10 -> Остров Модрик | B47: ='УзлыРесы(1)'!S10 -> Сушеный дитрем/ставрида/налим/макрель
A48: ='УзлыРесы(1)'!Q12 -> Остров Тэямаль | B48: ='УзлыРесы(1)'!S12 -> Сушеная ставрида/килька/макрель/осьминог ! Дитрем/скалярия/ставрида/летучая рыба
A49: ='УзлыРесы(1)'!Q16 -> Остров Кайт | B49: ='УзлыРесы(1)'!S16 -> БАРТЕР
B50: 46

Sheet Медия-Валенсия
A1: Автор гайда (и этой таблички) по добыче ресурсов на узлах и баракам для рабов в БДО - Стаффи
A3: Узлы Медии (23 шт.) | B3: Добываемый ресурс | D3: Узлы Валенсии (34.шт.) | E3: Добываемый ресурс
A4: ='УзлыРесы(1)'!B16 -> Алтинова | B4: ='УзлыРесы(1)'!D16 -> Золотые слитки, серебро | D4: ='УзлыРесы(1)'!B17 -> Валенсия | E4: ='УзлыРесы(1)'!D17 -> Золотые слитки, серебро
A5: ='УзлыРесы(1)'!B38 -> Деревня Тариффа | B5: ='УзлыРесы(1)'!D38 -> Кувшин заклинателя Тариф | D5: ='УзлыРесы(1)'!B41 -> Шакату | E5: ='УзлыРесы(1)'!D41 -> Золотые слитки, серебро
A6: ='УзлыРесы(1)'!B39 -> Деревня Абун | B6: ='УзлыРесы(1)'!D39 -> Деревянная кукла Абун | D6: ='УзлыРесы(1)'!B42 -> Восточный базар | E6: ='УзлыРесы(1)'!D42 -> Золотые слитки, серебро
A7: ='УзлыРесы(1)'!B40 -> Паучья Деревня | B7: ='УзлыРесы(1)'!D40 -> Сундук с тканями | D7: ='УзлыРесы(1)'!B44 -> Деревня Арехаза | E7: ='УзлыРесы(1)'!D44 -> Ящик с отличными кокосами
A8: ='УзлыРесы(1)'!L74 -> Остров Фильвара | B8: ='УзлыРесы(1)'!N74 -> Сушеный хек/камбала/голубой хирург/барбус ! Круглобрюшек/окунь/голубой хирург/щука | D8: ='УзлыРесы(1)'!Q72 -> Анакреон | E8: ='УзлыРесы(1)'!S72 -> Инжир
A9: ='УзлыРесы(1)'!L82 -> Остров Бэйрува | B9: ='УзлыРесы(1)'!N82 -> Сушеная камбала/дитрем/хек/голубой хирург | D9: ='УзлыРесы(1)'!G55 -> Лагерь клана Басим | E9: ='УзлыРесы(1)'!I55 -> Железная руда, пыль тьмы, грубый черный хрусталь
A10: ='УзлыРесы(1)'!Q34 -> Лавовая пещера (скрытый) | B10: ='УзлыРесы(1)'!S34 -> Цинковая руда, пыль веков, платиновая руда. Уголь, пыль разрушения, грубый рубин | D10: ='УзлыРесы(1)'!G62 -> Храм полумесяца | E10: ='УзлыРесы(1)'!I62 -> Финики. Титан, пыль огня, грубый фиолетовый хрусталь
A11: ='УзлыРесы(1)'!G4 -> Пастбище каменной пустоши | B11: ='УзлыРесы(1)'!I4 -> Соломенный портфель Аслана | D11: ='УзлыРесы(1)'!G63 -> Долина Титума | E11: ='УзлыРесы(1)'!I63 -> Фисташки. Теф. Древесина, сок, доска пальмы
A12: ='УзлыРесы(1)'!Q38 -> Ферма Сури | B12: ='УзлыРесы(1)'!S38 -> Батат, хороший батат, отборный батат. Ящик с отборным бататом | D12: ='УзлыРесы(1)'!G65 -> Серный рудник | E12: ='УзлыРесы(1)'!I65 -> Сера, пыль разрушения, грубый алмаз, синяя сера
A13: ='УзлыРесы(1)'!Q39 -> Ферма Касулы | B13: ='УзлыРесы(1)'!S39 -> Хлопок, хлопковое полотно. Корица. Сундучок Касулы | D13: ='УзлыРесы(1)'!Q49 -> Змеиная пустошь | E13: ='УзлыРесы(1)'!S49 -> Древесина/доска/сок бузины. Фисташки
A14: ='УзлыРесы(1)'!Q43 -> Деревня удильщиков | B14: ='УзлыРесы(1)'!S43 -> Набор рыболова | D14: ='УзлыРесы(1)'!Q50 -> Ущелье скорби | E14: ='УзлыРесы(1)'!S50 -> Древесина/доска/сок бузины.
A15: ='УзлыРесы(1)'!G45 -> Закрытая шахта / Заброшенный железный рудник (скрытый) | B15: ='УзлыРесы(1)'!I45 -> Цинковая, платиновая руда, пыль веков. Железная руда, пыль тьмы, грубый черный хрусталь | D15: ='УзлыРесы(1)'!Q51 -> Владения Куниды | E15: ='УзлыРесы(1)'!S51 -> Грязь, очищенная вода
A16: ='УзлыРесы(1)'!G46 -> Пристанище безумца | B16: ='УзлыРесы(1)'!I46 -> Черноголовка, пучок черноголовки | D16: ='УзлыРесы(1)'!Q52 -> Водопад Рейны | E16: ='УзлыРесы(1)'!S52 -> Грязь, очищенная вода
A17: ='УзлыРесы(1)'!G49 -> Храм Эллик | B17: ='УзлыРесы(1)'!I49 -> Древесина, сок пихты. Сучок кровавого дерева. Волнушка, большая волнушка | D17: ='УзлыРесы(1)'!Q53 -> Ущелье Фуркан | E17: ='УзлыРесы(1)'!S53 -> Медная руда, пыль огня, грубый опал
A18: ='УзлыРесы(1)'!L75 -> Остров Деплинхард | B18: ='УзлыРесы(1)'!N75 -> Сушеная камбала/хек/голубой хирург/язь ! Круглобрюшек/дитрем/голубой хирург/окунь | D18: ='УзлыРесы(1)'!Q55 -> Иллирия | E18: ='УзлыРесы(1)'!S55 -> Медная руда, пыль огня, грубый опал. Теф
A19: ='УзлыРесы(1)'!L83 -> Остров Тарамура | B19: ='УзлыРесы(1)'!N83 -> Сушеная камбала/хек/голубой хирург ! Круглобрюшек/дитрем/хек/окунь | D19: ='УзлыРесы(1)'!Q58 -> Могила мучеников | E19: ='УзлыРесы(1)'!S58 -> Кора/сок/шип кактуса. Железная руда, пыль тьмы, грубый черный хрусталь.
A20: ='УзлыРесы(1)'!Q26 -> Каменная пустошь | B20: ='УзлыРесы(1)'!S26 -> Древесина / сок акации. Сучок кровавого дерева | D20: ='УзлыРесы(1)'!Q60 -> Ущелье Пэмбу | E20: ='УзлыРесы(1)'!S60 -> Фрике
A21: ='УзлыРесы(1)'!Q27 -> Северное плато Медии | B21: ='УзлыРесы(1)'!S27 -> Древесина / сок пихты, кора старого дерева. Древесина / сок клёна, кора старого дерева. | D21: ='УзлыРесы(1)'!Q61 -> Ущелье Айрис | E21: ='УзлыРесы(1)'!S61 -> Древесина/доска/сок бузины. Мускатный орех.
A22: ='УзлыРесы(1)'!Q29 -> Храм Камасильва | B22: ='УзлыРесы(1)'!S29 -> Лен, льняная нить. Опёнок, большой опенок. | D22: ='УзлыРесы(1)'!Q62 -> Каньон Марша | E22: ='УзлыРесы(1)'!S62 -> Ванадий, пыль разрушения, грубый черный хрусталь. Бадьян
A23: ='УзлыРесы(1)'!Q36 -> Место раскопок (Скрытый) | B23: ='УзлыРесы(1)'!S36 -> Потускневший фрагмент голема, осколок украшения клана Тугу, Порошок земли / хаоса | D23: ='УзлыРесы(1)'!Q68 -> Святилище паломников Скромность (скрытый) | E23: ='УзлыРесы(1)'!S68 -> Печать стрелка древних, порошое памяти.
A24: ='УзлыРесы(1)'!Q37 -> Ферма Эхто | B24: ='УзлыРесы(1)'!S37 -> Хлопок, хлопокове полотно. Алоэ. Мешочек с семенами Моны. | D24: ='УзлыРесы(1)'!Q73 -> Гора полумесяца | E24: ='УзлыРесы(1)'!S73 -> Железная руда, пыль тьмы, грубый черный хрусталь.
A25: ='УзлыРесы(1)'!Q40 -> Древний разлом | B25: ='УзлыРесы(1)'!S40 -> Цинковая руда, пыль веков, грубый красный хрусталь. Черноголовка, пучок черноголовки. | D25: ='УзлыРесы(1)'!Q75 -> Фермарский базар | E25: ='УзлыРесы(1)'!S75 -> Мускатный орех. Теф. Картина верблюда
A26: ='УзлыРесы(1)'!Q41 -> Побережье Медии | B26: ='УзлыРесы(1)'!S41 -> Медная руда, пыль огня , грубый опал | D26: ='УзлыРесы(1)'!Q76 -> Поля Шакату | E26: ='УзлыРесы(1)'!S76 -> Бадьян. Инжир. Янтарь с инклюзом
B27: 23 | D27: ='УзлыРесы(1)'!Q77 -> Поля Тасмана | E27: ='УзлыРесы(1)'!S77 -> Теф. Ящик с зерном.
D28: ='УзлыРесы(1)'!Q78 -> Ферма Эрдаль | E28: ='УзлыРесы(1)'!S78 -> Фисташки. Финики. Коробка сладкого мармелада. Кокон, шелковая нить.
D29: ='УзлыРесы(1)'!Q79 -> Платация Валенсии | E29: ='УзлыРесы(1)'!S79 -> Фрике. Фисташки. Финики. Ящик с сушеными финиками.
D30: ='УзлыРесы(1)'!Q80 -> Ферма Фохаллама | E30: ='УзлыРесы(1)'!S80 -> Теф. Ящик с пустынными злаками
D31: ='УзлыРесы(1)'!Q86 -> Остров Мадина | E31: ='УзлыРесы(1)'!S86 -> БАРТЕР
D32: ='УзлыРесы(1)'!Q95 -> Пальмовый лес Арехаза | E32: ='УзлыРесы(1)'!S95 -> Древесина/доска пальмы. Кокос.
D33: ='УзлыРесы(1)'!Q98 -> Северные дюны | E33: ='УзлыРесы(1)'!S98 -> Кора/сок/шип кактуса.
D34: ='УзлыРесы(1)'!Q99 -> Вулкан Габи | E34: ='УзлыРесы(1)'!S99 -> Ванадий,пыль разрушения,грубый синий хрусталь. Титан,пыль огня,грубый фиолетовый хрусталь
D35: ='УзлыРесы(1)'!Q100 -> Кратер Габи | E35: ='УзлыРесы(1)'!S100 -> Титан,пыль огня,грубый фиолетовый хрусталь
D36: ='УзлыРесы(1)'!Q101 -> Прибрежные скалы Габи | E36: ='УзлыРесы(1)'!S101 -> Ванадий,пыль тьмы,грубый опал. Календула, пучок календулы.
D37: ='УзлыРесы(1)'!Q103 -> Утес Иверо | E37: ='УзлыРесы(1)'!S103 -> Боровик,хороший боровик, отборный боровик
E38: 34

Sheet Кама-Дриган-Одилита-Горы
A1: Автор гайда (и этой таблички) по добыче ресурсов на узлах и баракам для рабов в БДО - Стаффи
A3: Узлы Камасильвии (11 шт.) | B3: Добываемый ресурс | D3: Узлы Одиллиты (8 шт.) | E3: Добываемый ресурс
A4: ='УзлыРесы(1)'!B18 -> Грана | B4: ='УзлыРесы(1)'!D18 -> Древесина/доска пальмы. Кокос | D4: ='УзлыРесы(1)'!V61 -> Колючий лес | E4: ='УзлыРесы(1)'!X61 -> Терновая древесина / сок
A5: ='УзлыРесы(1)'!V36 -> Горная деревня | B5: ='УзлыРесы(1)'!X36 -> Клубника, хорошая клубника | D5: ='УзлыРесы(1)'!V62 -> Склеп забытых мыслей | E5: ='УзлыРесы(1)'!X62 -> Сгусток чистых чар. Порошок битвы
A6: ='УзлыРесы(1)'!V40 -> Озеро Флондор | B6: ='УзлыРесы(1)'!X40 -> Зеленая руда, пыль притяжения | D6: ='УзлыРесы(1)'!V63 -> Наксион | E6: ='УзлыРесы(1)'!X63 -> Курица,яйцо
A7: ='УзлыРесы(1)'!G71 -> Плетеный лес | B7: ='УзлыРесы(1)'!I71 -> Кольцевидная древесина, сок, доска | D7: ='УзлыРесы(1)'!V66 -> Порт Звездной полночи | E7: ='УзлыРесы(1)'!X66 -> Сушеный остронос/колючая камбала/запрора/красный хейлин
A8: ='УзлыРесы(1)'!G72 -> Лес альв | B8: ='УзлыРесы(1)'!I72 -> Костяное ожерелье. Порошок леса. Бетелома | D8: ='УзлыРесы(1)'!V71 -> Долина Оллуна | E8: ='УзлыРесы(1)'!X71 -> Никелиевая руда, мельхиор. Пыль тьмы
A9: ='УзлыРесы(1)'!V32 -> Пруд Антаци | B9: ='УзлыРесы(1)'!X32 -> Сияние Антаци | D9: ='УзлыРесы(1)'!V77 -> Плантация Деллимор | E9: ='УзлыРесы(1)'!X77 -> Виноград. Картофель.
A10: ='УзлыРесы(1)'!V34 -> Тенистый лес | B10: ='УзлыРесы(1)'!X34 -> Мшистая древесина/доска. Сок мшистого дерева | D10: ='УзлыРесы(1)'!V78 -> Горы разделения | E10: ='УзлыРесы(1)'!X78 -> Порошок вреда, сгусток чистых чар
A11: ='УзлыРесы(1)'!V35 -> Одинокий лес | B11: ='УзлыРесы(1)'!X35 -> Зеленая руда, пыль веков | D11: ='УзлыРесы(1)'!V79 -> Тропа лезвий | E11: ='УзлыРесы(1)'!X79 -> Терновая древесина/сок
A12: ='УзлыРесы(1)'!V41 -> Лес Полли | B12: ='УзлыРесы(1)'!X41 -> Синяк, Розовый гомпус | E12: 8
A13: ='УзлыРесы(1)'!V44 -> Лесная хижина Реони | B13: ='УзлыРесы(1)'!X44 -> Белый гриб, цветущий гриб
A14: ='УзлыРесы(1)'!V45 -> Лесная хижина Винни | B14: ='УзлыРесы(1)'!X45 -> Вулканический гриб, зеленая тулостома
B15: 11
A19: Узлы Дригана (11 шт.) | B19: Добываемый ресурс | D19: Узлы Гор вечной зимы (10 шт.) | E19: Добываемый ресурс
A20: ='УзлыРесы(1)'!B19 -> Двенкрун | B20: ='УзлыРесы(1)'!D19 -> Золотые слитки, серебро | D20: ='УзлыРесы(1)'!V83 -> Гнездо Ноуля Ветра | E20: ='УзлыРесы(1)'!X83 -> Древесина / сок снежного кедра
A21: ='УзлыРесы(1)'!G5 -> Лесопилка Дормана | B21: ='УзлыРесы(1)'!I5 -> Древесина, доска, сок кипариса. Древесина, доска, сок плосковеточника. | D21: ='УзлыРесы(1)'!V85 -> Сад Маслан с Юдзу | E21: ='УзлыРесы(1)'!X85 -> Юдзу
A22: ='УзлыРесы(1)'!V58 -> Лесопилка Химута | B22: ='УзлыРесы(1)'!X58 -> Древесина, доска, сок сосны. Древесина, доска, сок ольхи. | D22: ='УзлыРесы(1)'!V87 -> Горы вечной зимы | E22: ='УзлыРесы(1)'!X87 -> Прозрачный лёд, Кусок прозрачного льда
A23: ='УзлыРесы(1)'!G75 -> Скалы Акумуса | B23: ='УзлыРесы(1)'!I75 -> Железная руда, зеленая руда, грубый лазурит | D23: ='УзлыРесы(1)'!V89 -> Лес Нефритовых звезд | E23: ='УзлыРесы(1)'!X89 -> Древесина / сок снежного кедра. Грубый нефрит
A24: ='УзлыРесы(1)'!V49 -> Поля Двенкруна | B24: ='УзлыРесы(1)'!X49 -> Ячмень. Кукуруза | D24: ='УзлыРесы(1)'!V90 -> Сторожевой пост на гором перевале | E24: ='УзлыРесы(1)'!X90 -> Древесина Ольхи, ветвь монарха
A25: ='УзлыРесы(1)'!V50 -> Каньон Карков | B25: ='УзлыРесы(1)'!X50 -> Зеленая руда. Мельхиор. Цинковая руда. | D25: ='УзлыРесы(1)'!V91 -> Лес Тори | E25: ='УзлыРесы(1)'!X91 -> Орляк
A26: ='УзлыРесы(1)'!V51 -> Могила Шерехана | B26: ='УзлыРесы(1)'!X51 -> Кусок высохшего камня. Порошок памяти. | D26: ='УзлыРесы(1)'!V92 -> Рудник Шерехана | E26: ='УзлыРесы(1)'!X92 -> Грубый обсидиан. Порошок починки, кварц
A27: ='УзлыРесы(1)'!V56 -> Ручей желаний | B27: ='УзлыРесы(1)'!X56 -> Кусок магического камня. Порошок изначальности | D27: ='УзлыРесы(1)'!V95 -> Холм Звиер | E27: ='УзлыРесы(1)'!X95 -> Порошок смерти. Кварц. Мёд
A28: ='УзлыРесы(1)'!V57 -> Горы Гервиша | B28: ='УзлыРесы(1)'!X57 -> Орляк. Календула | D28: ='УзлыРесы(1)'!V96 -> Лагерь Балакс | E28: ='УзлыРесы(1)'!X96 -> Раскаленный черный минерал
A29: ='УзлыРесы(1)'!V59 -> Руины Тширы | B29: ='УзлыРесы(1)'!X59 -> Орляк. Клевер | D29: ='УзлыРесы(1)'!V98 -> Путь последнего паломничества | E29: ='УзлыРесы(1)'!X98 -> Лисички, мешима. Пятнистый рыжик, Бамбуковый гриб
A30: ='УзлыРесы(1)'!V60 -> Ферма Марака | B30: ='УзлыРесы(1)'!X60 -> Кукуруза. Ячмень. | E30: 10
B31: 11

Sheet Бараки
A1: Количество рабочих в городе = количество бараков +1 | W1: Автор гайда (и этой таблички) по добыче ресурсов на узлах и баракам для рабов в БДО - Стаффи
A3: Баленос | B3: Дом | C3: Следование | D3: Бараки | E3: Очки | F3: ∑мест | G3: ∑очк | H3: Цена1 бар. | I3: Примечание | K3: Валенсия | L3: Дом | M3: Следование | N3: Бараки | O3: Очки | P3: ∑мест | Q3: ∑очк | R3: Цена1 бар. | S3: Примечание | U3: Кальфеон Округ | V3: Дом | W3: Следование | X3: Бараки | Y3: Очки | Z3: ∑мест | AA3: ∑очк | AB3: Цена1 бар. | AC3: Примечание | AE3: КАЛЬФЕОН | AF3: Дом | AG3: Следование | AH3: Ячейки | AI3: Очки | AJ3: ∑яч. | AK3: ∑очк | AL3: Цена1яч. | AM3: Примечание | AO3: КАМАСИЛЬВИЯ | AP3: Дом | AQ3: Следование | AR3: Ячейки | AS3: Очки | AT3: ∑яч. | AU3: ∑очк | AV3: Цена1яч. | AW3: Примечание
A4: Оливия | B4: 2-1 | C4: первый | D4: 0 | E4: 1 | F4: =D4 -> 0 | G4: =E4 -> 1 | H4: =G4 -> 1 | I4: --- | K4: Валенсия | L4: 1-1-1 | M4: первый | N4: 1 | O4: 1 | P4: =N4 -> 1 | Q4: =O4 -> 1 | R4: =Q4/P4 -> 1 | S4: бараки 1 | U4: Кеплан | V4: 1-1 | W4: первый | X4: 0 | Y4: 1 | Z4: =X4 -> 0 | AA4: =Y4 -> 1 | AB4: =AA4 -> 1 | AC4: --- | AE4: Кальфеон | AF4: Северные ворота 4-1 | AG4: первый | AH4: 1 | AI4: 1 | AJ4: =AH4 -> 1 | AK4: =AI4 -> 1 | AL4: =AK4/AJ4 -> 1 | AM4: бараки 1 | AO4: Грана | AP4: 7 | AQ4: первый | AR4: 2 | AS4: 5 | AT4: 2 | AU4: 3 | AV4: =AU4/AT4 -> 1.5 | AW4: Бараки 2
A5: Оливия | B5: 2-1а | C5: второй | D5: 2 | E5: 3 | F5: =D4+D5 -> 2 | G5: =E4+E5 -> 4 | H5: =G5/F5 -> 2 | I5: бараки 2 | K5: Валенсия | L5: 1-1-2 | M5: второй | N5: 2 | O5: 2 | P5: =N4+N5 -> 3 | Q5: =O4+O5 -> 3 | R5: =Q5/P5 -> 1 | S5: бараки 2 | U5: Кеплан | V5: 1-2-1 | W5: второй | X5: 1 | Y5: 2 | Z5: =X4+X5 -> 1 | AA5: =Y4+Y5 -> 3 | AB5: =AA5/Z5 -> 3 | AC5: барак 1 | AE5: Кальфеон | AF5: Северные ворота 4-2 | AG5: второй | AH5: 1 | AI5: 1 | AJ5: =AH4+AH5 -> 2 | AK5: =AI4+AI5 -> 2 | AL5: =AK5/AJ5 -> 1 | AM5: бараки 1 | AO5: Грана | AP5: 10 | AQ5: первый | AR5: 3 | AS5: 8 | AT5: =AR4+AR5 -> 5 | AU5: =AS4+AS5 -> 13 | AV5: =AU5/AT5 -> 2.6 | AW5: Бараки 3
A6: Оливия | B6: 2-2 | C6: второй | D6: 1 | E6: 1 | F6: =D4+D6 -> 1 | G6: =E4+E6 -> 2 | H6: =G6/F6 -> 2 | I6: бараки 1 | K6: Валенсия | L6: 1-2 | M6: второй | N6: 3 | O6: 3 | P6: =N4+N6 -> 4 | Q6: =O4+O6 -> 4 | R6: =Q6/P6 -> 1 | S6: бараки 3 | U6: Кеплан | V6: 1-3-1 | W6: третий | X6: 1 | Y6: 1 | Z6: =X4+X5+X6 -> 2 | AA6: =Y4+Y5+Y6 -> 4 | AB6: =AA6/Z6 -> 2 | AC6: барак 1 | AE6: Кальфеон | AF6: Северные ворота 3 | AG6: второй | AH6: 2 | AI6: 2 | AJ6: =AH4+AH6 -> 3 | AK6: =AI4+AI6 -> 3 | AL6: =AK6/AJ6 -> 1 | AM6: бараки 2 | AO6: Грана | AP6: 16 | AQ6: первый | AR6: 2 | AS6: 5 | AT6: =AR4+AR5+AR6 -> 7 | AU6: =AS4+AS5+AS6 -> 18 | AV6: =AU6/AT6 -> 2.5714286 | AW6: Бараки 2
A7: Оливия | B7: 2-3 | C7: третий | D7: 2 | E7: 1 | F7: =D4+D6+D7 -> 3 | G7: =E4+E6+E7 -> 3 | H7: =G7/F7 -> 1 | I7: бараки 2 | K7: Валенсия | L7: 1-3-1 | M7: третий | N7: 2 | O7: 2 | P7: =N4+N6+N7 -> 6 | Q7: =O4+O6+O7 -> 6 | R7: =Q7/P7 -> 1 | S7: бараки 2 | U7: Кеплан | V7: 1-4-1 | W7: четвертый | X7: 1 | Y7: 1 | Z7: =X4+X5+X6+X7 -> 3 | AA7: =Y4+Y5+Y6+Y7 -> 5 | AB7: =AA7/Z7 -> 1.6666667 | AC7: барак 1 | AE7: Кальфеон | AF7: Северные ворота 2 | AG7: третий | AH7: 2 | AI7: 3 | AJ7: =AH4+AH6+AH7 -> 5 | AK7: =AI4+AI6+AI7 -> 6 | AL7: =AK7/AJ7 -> 1.2 | AM7: бараки 2 | AO7: Итого бараков: | AR7: =SUM(AR4:AR6) -> 7
A8: Оливия | B8: 6-1 | C8: первый | D8: 1 | E8: 1 | F8: =D8 -> 1 | G8: =E8 -> 1 | H8: =G8/F8 -> 1 | I8: бараки 1 | K8: Валенсия | L8: 2-1 | M8: первый | N8: 1 | O8: 1 | P8: =N8 -> 1 | Q8: =O8 -> 1 | R8: =Q8/P8 -> 1 | S8: бараки 1 | U8: Кеплан | V8: 2-1-2 | W8: первый | X8: 0 | Y8: 1 | Z8: =X8 -> 0 | AA8: 1 | AB8: =AA8 -> 1 | AC8: --- | AE8: Кальфеон | AF8: Северные ворота 1 | AG8: четвертый | AH8: 3 | AI8: 3 | AJ8: =AH4+AH6+AH7+AH8 -> 8 | AK8: =AI4+AI6+AI7+AI8 -> 9 | AL8: =AK8/AJ8 -> 1.125 | AM8: бараки 3
A9: Оливия | B9: 6-2 | C9: второй | D9: 2 | E9: 2 | F9: =D8+D9 -> 3 | G9: =E8+E9 -> 3 | H9: =G9/F9 -> 1 | I9: бараки 2 | K9: Валенсия | L9: 2-2-1 | M9: второй | N9: 1 | O9: 1 | P9: =N8+N9 -> 2 | Q9: =O8+O9 -> 2 | R9: =Q9/P9 -> 1 | S9: бараки 1 | U9: Кеплан | V9: 2-2-1 | W9: второй | X9: 1 | Y9: 2 | Z9: =X8+X9 -> 1 | AA9: =Y8+Y9 -> 3 | AB9: =AA9/Z9 -> 3 | AC9: барак 1 | AE9: Кальфеон | AF9: Южные ворота 1 | AG9: первый | AH9: 2 | AI9: 2 | AJ9: =AH9 -> 2 | AK9: =AI9 -> 2 | AL9: =AK9/AJ9 -> 1 | AM9: бараки 2 | AO9: ДРИГАН | AP9: Дом | AQ9: Следование | AR9: Ячейки | AS9: Очки | AT9: ∑яч. | AU9: ∑очк | AV9: Цена1яч. | AW9: Примечание
A10: Оливия | B10: 6-3 | C10: третий | D10: 3 | E10: 2 | F10: =D8+D9+D10 -> 6 | G10: =E8+E9+E10 -> 5 | H10: =G10/F10 -> 0.83333333 | I10: бараки 3 | K10: Валенсия | L10: 2-2-2 | M10: третий | N10: 2 | O10: 2 | P10: =N8+N9+N10 -> 4 | Q10: =O8+O9+O10 -> 4 | R10: =Q10/P10 -> 1 | S10: бараки 2 | U10: Кеплан | V10: 2-2-2 | W10: третий | X10: 2 | Y10: 5 | Z10: =X8+X9+X10 -> 3 | AA10: =Y8+Y9+Y10 -> 8 | AB10: =AA10/Z10 -> 2.6666667 | AC10: барак 2 | AE10: Кальфеон | AF10: Южные ворота 2-1 | AG10: второй | AH10: 2 | AI10: 1 | AJ10: =AH9+AH10 -> 4 | AK10: =AI9+AI10 -> 3 | AL10: =AK10/AJ10 -> 0.75 | AM10: бараки 2 | AO10: Двенкрун | AP10: 3 | AQ10: первый | AR10: 2 | AS10: 8 | AT10: =AR10 -> 2 | AU10: =AS10 -> 8 | AV10: =AU10/AT10 -> 4 | AW10: Бараки 2
A11: Оливия | B11: 7-1 | C11: первый | D11: 1 | E11: 1 | F11: =D11 -> 1 | G11: =E11 -> 1 | H11: =G11/F11 -> 1 | I11: бараки 1 | K11: Валенсия | L11: 3-1 | M11: первый | N11: 1 | O11: 1 | P11: =N11 -> 1 | Q11: =O11 -> 1 | R11: =Q11/P11 -> 1 | S11: бараки 1 | U11: Кеплан | V11: 3-1 | W11: первый | X11: 1 | Y11: 2 | Z11: 3 | AA11: 1 | AB11: =AA11/Z11 -> 0.33333333 | AC11: барак 1 | AE11: Кальфеон | AF11: Южные ворота 2-2 | AG11: третий | AH11: 3 | AI11: 2 | AJ11: =AH9+AH10+AH11 -> 7 | AK11: =AI9+AI10+AI11 -> 5 | AL11: =AK11/AJ11 -> 0.71428571 | AM11: бараки 3 | AO11: Двенкрун | AP11: 6 | AQ11: первый | AR11: 2 | AS11: 8 | AT11: =AR11 -> 2 | AU11: =AS11 -> 8 | AV11: =AU11/AT11 -> 4 | AW11: Бараки 2
A12: Ферма Вейла | B12: 1 | C12: первый | D12: 2 | E12: 2 | F12: =D12 -> 2 | G12: =E12 -> 2 | H12: =G12/F12 -> 1 | I12: бараки 2 | K12: Валенсия | L12: 3-2-1 | M12: второй | N12: 1 | O12: 1 | P12: =N11+N12 -> 2 | Q12: =O11+O12 -> 2 | R12: =Q12/P12 -> 1 | S12: бараки 1 | U12: Кеплан | V12: 3-1 клад. | W12: второй | X12: 2 | Y12: 4 | Z12: =X11+X12 -> 3 | AA12: =Y11+Y12 -> 6 | AB12: =AA12/Z12 -> 2 | AC12: барак 2 | AE12: Кальфеон | AF12: Южные ворота 3 | AG12: первый | AH12: 0 | AI12: 1 | AJ12: =AH12 -> 0 | AK12: =AI12 -> 1 | AL12: =AK12 -> 1 | AM12: --- | AO12: Двенкрун | AP12: 8 | AQ12: первый | AR12: 2 | AS12: 8 | AT12: =AR12 -> 2 | AU12: =AS12 -> 8 | AV12: =AU12/AT12 -> 4 | AW12: Бараки 2
A13: Итого бараков: | D13: =SUM(D4:D12) -> 14 | K13: Валенсия | L13: 4-1-1 | M13: первый | N13: 1 | O13: 1 | P13: =N13 -> 1 | Q13: =O13 -> 1 | R13: =Q13/P13 -> 1 | S13: бараки 1 | U13: Ферма Джанни | V13: 1 | W13: первый | X13: 1 | Y13: 3 | Z13: =X13 -> 1 | AA13: =Y13 -> 3 | AB13: =AA13/Z13 -> 3 | AC13: барак 1 | AE13: Кальфеон | AF13: Южные ворота 4-1 | AG13: второй | AH13: 2 | AI13: 2 | AJ13: =AH12+AH13 -> 2 | AK13: =AI12+AI13 -> 3 | AL13: =AK13/AJ13 -> 1.5 | AM13: бараки 2 | AO13: Двенкрун | AP13: 11-1 | AQ13: первый | AR13: 0 | AS13: 8 | AT13: =AR13 -> 0 | AU13: =AS13 -> 8 | AV13: =AU13 -> 8 | AW13: ---
K14: Валенсия | L14: 5-1-1 | M14: первый | N14: 1 | O14: 1 | P14: =N14 -> 1 | Q14: =O14 -> 1 | R14: =Q14/P14 -> 1 | S14: бараки 1 | U14: Итого бараков: | X14: =SUM(X4:X13) -> 10 | AE14: Кальфеон | AF14: Восточные ворота 1-1 | AG14: первый | AH14: 1 | AI14: 1 | AJ14: =AH14 -> 1 | AK14: =AI14 -> 1 | AL14: =AK14/AJ14 -> 1 | AM14: бараки 1 | AO14: Двенкрун | AP14: 11-2 | AQ14: второй | AR14: 1 | AS14: 8 | AT14: =AR13+AR14 -> 1 | AU14: =AS13+AS14 -> 16 | AV14: =AU14/AT14 -> 16 | AW14: Бараки 1
A15: Велия | B15: 1-1 | C15: первый | D15: 1 | E15: 1 | F15: =D15 -> 1 | G15: =E15 -> 1 | H15: =G15/F15 -> 1 | I15: бараки 1 | K15: Валенсия | L15: 6-1-1 | M15: первый | N15: 1 | O15: 1 | P15: =N15 -> 1 | Q15: =O15 -> 1 | R15: =Q15/P15 -> 1 | S15: бараки 1 | AE15: Кальфеон | AF15: Восточные ворота 1-2 | AG15: второй | AH15: 2 | AI15: 2 | AJ15: =AH14+AH15 -> 3 | AK15: =AI14+AI15 -> 3 | AL15: =AK15/AJ15 -> 1 | AM15: бараки 2 | AO15: Итого бараков: | AR15: =SUM(AT10:AT14) -> 7
A16: Велия | B16: 1-2 | C16: второй | D16: 2 | E16: 1 | F16: =D15+D16 -> 3 | G16: =E15+E16 -> 2 | H16: =G16/F16 -> 0.66666667 | I16: бараки 2 | K16: Валенсия | L16: 7-1-1 | M16: первый | N16: 1 | O16: 1 | P16: =N16 -> 1 | Q16: =O16 -> 1 | R16: =Q16/P16 -> 1 | S16: бараки 1 | U16: Эферия | V16: 1-1-1 | W16: первый | X16: 1 | Y16: 1 | Z16: =X16 -> 1 | AA16: =Y16 -> 1 | AB16: =AA16/Z16 -> 1 | AC16: бараки 1 | AE16: Кальфеон | AF16: Восточные ворота 2 | AG16: второй | AH16: 0 | AI16: 1 | AJ16: =AH14+AH15+AH16 -> 3 | AK16: =AI14+AI16 -> 2 | AL16: =AK16 -> 2 | AM16: ---
A17: Велия | B17: 1-3 | C17: третий | D17: 2 | E17: 1 | F17: =D15+D16+D17 -> 5 | G17: =E15+E16+E17 -> 3 | H17: =G17/F17 -> 0.6 | I17: бараки 2 | K17: Валенсия | L17: 8-1 | M17: первый | N17: 1 | O17: 1 | P17: =N17 -> 1 | Q17: =O17 -> 1 | R17: =Q17/P17 -> 1 | S17: бараки 1 | U17: Эферия | V17: 1-1-2 | W17: второй | X17: 1 | Y17: 2 | Z17: =X16+X17 -> 2 | AA17: =Y16+Y17 -> 3 | AB17: =AA17/Z17 -> 1.5 | AC17: бараки 1 | AE17: Кальфеон | AF17: Восточные ворота 3 | AG17: третий | AH17: 0 | AI17: 1 | AJ17: =AH14+AH15+AH16+AH17 -> 3 | AK17: =AI14+AI16+AI17 -> 3 | AL17: =AK17 -> 3 | AM17: --- | AO17: ОДИРАКСИЯ | AP17: Дом | AQ17: Следование | AR17: Ячейки | AS17: Очки | AT17: ∑яч. | AU17: ∑очк | AV17: Цена1яч. | AW17: Примечание
A18: Ферма Тоскани | B18: 1 | C18: первый | D18: 2 | E18: 3 | F18: =D18 -> 2 | G18: =E18 -> 3 | H18: =G18/F18 -> 1.5 | I18: бараки 2 | K18: Валенсия | L18: 8-2-1 | M18: второй | N18: 1 | O18: 1 | P18: =N17+N18 -> 2 | Q18: =O17+O18 -> 2 | R18: =Q18/P18 -> 1 | S18: бараки 1 | U18: Эферия | V18: 1-2-1 | W18: второй | X18: 0 | Y18: 2 | Z18: =X16+X18 -> 1 | AA18: =Y16+Y18 -> 3 | AB18: =AA18/Z18 -> 3 | AC18: --- | AE18: Кальфеон | AF18: Восточные ворота 4-1 | AG18: четвертый | AH18: 2 | AI18: 2 | AJ18: =AH14+AH16+AH17+AH18 -> 3 | AK18: =AI14+AI16+AI17+AI18 -> 5 | AL18: =AK18/AJ18 -> 1.6666667 | AM18: бараки 2 | AO18: Одиллита | AP18: 1 | AQ18: первый | AR18: 1 | AS18: 2 | AT18: =AR18 -> 1 | AU18: =AS18 -> 2 | AV18: =AU18/AT18 -> 2 | AW18: Бараки 1
A19: Итого бараков: | D19: =SUM(D15:D18) -> 7 | E19: еще +1 барак за мили | K19: Валенсия | L19: 9-1 | M19: первый | N19: 1 | O19: 1 | P19: =N19 -> 1 | Q19: =O19 -> 1 | R19: =Q19/P19 -> 1 | S19: бараки 1 | U19: Эферия | V19: 1-2-2 | W19: третий | X19: 1 | Y19: 2 | Z19: =X16+X18+X19 -> 2 | AA19: =Y16+Y18+Y19 -> 5 | AB19: =AA19/Z19 -> 2.5 | AC19: бараки 1 | AE19: Кальфеон | AF19: Восточные ворота 4-2 | AG19: пятый | AH19: 3 | AI19: 3 | AJ19: =AH14+AH16+AH17+AH18+AH19 -> 6 | AK19: =AI14+AI16+AI17+AI18+AI19 -> 8 | AL19: =AK19/AJ19 -> 1.3333333 | AM19: бараки 3 | AO19: Одиллита | AP19: 2 | AQ19: второй | AR19: 2 | AS19: 2 | AT19: =AR18+AR19 -> 3 | AU19: =AS18+AS19 -> 4 | AV19: =AU19/AT19 -> 1.3333333 | AW19: Бараки 2
K20: Валенсия | L20: 11-1 | M20: первый | N20: 1 | O20: 1 | P20: =N20 -> 1 | Q20: =O20 -> 1 | R20: =Q20/P20 -> 1 | S20: бараки 1 | U20: Эферия | V20: 1-3 | W20: третий | X20: 0 | Y20: 4 | Z20: =X16+X18+X20 -> 1 | AA20: =Y16+Y18+Y20 -> 7 | AB20: =AA20/Z20 -> 7 | AC20: --- | AE20: Кальфеон | AF20: Восточные ворота 4-3 | AG20: шестой | AH20: 3 | AI20: 3 | AJ20: =AH14+AH16+AH17+AH18+AH19+AH20 -> 9 | AK20: =AI14+AI16+AI17+AI18+AI19+AI20 -> 11 | AL20: =AK20/AJ20 -> 1.2222222 | AM20: бараки 3 | AO20: Одиллита | AP20: 3 | AQ20: третий | AR20: 2 | AS20: 3 | AT20: =AR18+AR19+AR20 -> 5 | AU20: =AS18+AS19+AS20 -> 7 | AV20: =AU20/AT20 -> 1.4 | AW20: Бараки 2
A21: Остров Илия | B21: 4-2 | C21: первый | D21: 1 | E21: 1 | F21: =D21 -> 1 | G21: =E21 -> 1 | H21: =G21/F21 -> 1 | I21: бараки 1 | K21: Валенсия | L21: 11-2-1 | M21: второй | N21: 1 | O21: 1 | P21: =N20+N21 -> 2 | Q21: =O20+O21 -> 2 | R21: =Q21/P21 -> 1 | S21: бараки 1 | U21: Эферия | V21: 1-4-1 | W21: четвертый | X21: 3 | Y21: 2 | Z21: =X16+X18+X20+X21 -> 4 | AA21: =Y16+Y18+Y20+Y21 -> 9 | AB21: =AA21/Z21 -> 2.25 | AC21: бараки 3 | AE21: Кальфеон | AF21: Восточные ворота 7 | AG21: первый | AH21: 1 | AI21: 1 | AJ21: =AH21 -> 1 | AK21: =AI21 -> 1 | AL21: =AK21/AJ21 -> 1 | AM21: бараки 1 | AO21: Одиллита | AP21: 4 | AQ21: четвертый | AR21: 3 | AS21: 4 | AT21: =AR18+AR19+AR20+AR21 -> 8 | AU21: =AS18+AS19+AS20+AS21 -> 11 | AV21: =AU21/AT21 -> 1.375 | AW21: Бараки 3
A22: Остров Илия | B22: 6-1 | C22: первый | D22: 0 | E22: 1 | F22: =D22 -> 0 | G22: =E22 -> 1 | H22: =G22 -> 1 | I22: --- | K22: Валенсия | L22: 12-1-1 | M22: первый | N22: 1 | O22: 1 | P22: =N22 -> 1 | Q22: =O22 -> 1 | R22: =Q22/P22 -> 1 | S22: бараки 1 | U22: Эферия | V22: 1-4-2 | W22: пятый | X22: 3 | Y22: 3 | Z22: =X16+X18+X20+X21+X22 -> 7 | AA22: =Y16+Y18+Y20+Y21+Y22 -> 12 | AB22: =AA22/Z22 -> 1.7142857 | AC22: бараки 3 | AE22: Кальфеон | AF22: Восточные ворота 8-1 | AG22: второй | AH22: 1 | AI22: 1 | AJ22: =AH21+AH22 -> 2 | AK22: =AI21+AI22 -> 2 | AL22: =AK22/AJ22 -> 1 | AM22: бараки 1 | AO22: Одиллита | AP22: 5 | AQ22: пятый | AR22: 3 | AS22: 5 | AT22: =AR18+AR19+AR20+AR21+AR22 -> 11 | AU22: =AS18+AS19+AS20+AS21+AS22 -> 16 | AV22: =AU22/AT22 -> 1.4545455 | AW22: Бараки 3
A23: Остров Илия | B23: 6-2 | C23: второй | D23: 1 | E23: 2 | F23: =D22+D23 -> 1 | G23: =E22+E23 -> 3 | H23: =G23/F23 -> 3 | I23: бараки 1 | K23: Валенсия | L23: 13-1-1 | M23: первый | N23: 1 | O23: 1 | P23: =N23 -> 1 | Q23: =O23 -> 1 | R23: =Q23/P23 -> 1 | S23: бараки 1 | U23: Эферия | V23: 2-1к1 | W23: первый | X23: 1 | Y23: 1 | Z23: =X23 -> 1 | AA23: =Y23 -> 1 | AB23: =AA23/Z23 -> 1 | AC23: бараки 1 | AE23: Кальфеон | AF23: Трущебы 1-3-1 | AG23: первый | AH23: 1 | AI23: 1 | AJ23: =AH23 -> 1 | AK23: =AI23 -> 1 | AL23: =AK23/AJ23 -> 1 | AM23: бараки 1 | AO23: Итого бараков: | AR23: =SUM(AR18:AR22) -> 11
A24: Итого бараков: | D24: =SUM(D21:D23) -> 2 | K24: Валенсия | L24: 14-1-1 | M24: первый | N24: 1 | O24: 1 | P24: =N24 -> 1 | Q24: =O24 -> 1 | R24: =Q24/P24 -> 1 | S24: бараки 1 | U24: Эферия | V24: 2-1к2 | W24: второй | X24: 1 | Y24: 1 | Z24: =X23+X24 -> 2 | AA24: =Y23+Y24 -> 2 | AB24: =AA24/Z24 -> 1 | AC24: бараки 1 | AE24: Кальфеон | AF24: Трущебы 1-3-2 | AG24: второй | AH24: 1 | AI24: 1 | AJ24: =AH23+AH24 -> 2 | AK24: =AI23+AI24 -> 2 | AL24: =AK24/AJ24 -> 1 | AM24: бараки 1
K25: Валенсия | L25: 15-1-1 | M25: первый | N25: 1 | O25: 1 | P25: =N25 -> 1 | Q25: =O25 -> 1 | R25: =Q25/P25 -> 1 | S25: бараки 1 | U25: Эферия | V25: 2-1-1 | W25: второй | X25: 0 | Y25: 2 | Z25: =X23+X25 -> 1 | AA25: =Y23+Y25 -> 3 | AB25: =AA25/Z25 -> 3 | AC25: --- | AE25: Кальфеон | AF25: Трущебы 1-4-1 | AG25: второй | AH25: 1 | AI25: 2 | AJ25: =AH23+AH25 -> 2 | AK25: =AI23+AI25 -> 3 | AL25: =AK25/AJ25 -> 1.5 | AM25: бараки 1 | AO25: ГорыВечнойЗимы | AP25: Дом | AQ25: Следование | AR25: Ячейки | AS25: Очки | AT25: ∑яч. | AU25: ∑очк | AV25: Цена1яч. | AW25: Примечание1
A26: Серендия | B26: Дом | C26: Следование | D26: Бараки | E26: Очки | F26: ∑мест | G26: ∑очк | H26: Цена1яч. | I26: Примечание | K26: Валенсия | L26: 15-1-2 | M26: второй | N26: 2 | O26: 2 | P26: =N25+N26 -> 3 | Q26: =O25+O26 -> 3 | R26: =Q26/P26 -> 1 | S26: бараки 2 | U26: Эферия | V26: 2-2-1 | W26: третий | X26: 0 | Y26: 1 | Z26: =X23+X25+X26 -> 1 | AA26: =Y23+Y25+Y26 -> 4 | AB26: =AA26/Z26 -> 4 | AC26: --- | AE26: Кальфеон | AF26: Трущебы 2-1 | AG26: первый | AH26: 0 | AI26: 1 | AJ26: =AH26 -> 0 | AK26: =AI26 -> 1 | AL26: =AK26 -> 1 | AM26: --- | AO26: Деревня Эйл | AP26: 1 | AQ26: первый | AR26: 0 | AS26: 2 | AT26: =AR26 -> 0 | AU26: =AS26 -> 2 | AV26: =AU26 -> 2
A27: Хидель | B27: 1-1 | C27: первый | D27: 0 | E27: 1 | F27: =D27 -> 0 | G27: =E27 -> 1 | H27: =G27 -> 1 | I27: --- | K27: Валенсия | L27: 16-1 | M27: первый | N27: 1 | O27: 1 | P27: =N27 -> 1 | Q27: =O27 -> 1 | R27: =Q27/P27 -> 1 | S27: бараки 1 | U27: Эферия | V27: 2-3-1 | W27: четвертый | X27: 0 | Y27: 2 | Z27: =X23+X25+X26+X27 -> 1 | AA27: =Y23+Y25+Y26+Y27 -> 6 | AB27: =AA27/Z27 -> 6 | AC27: --- | AE27: Кальфеон | AF27: Трущебы 2-2-1 | AG27: второй | AH27: 1 | AI27: 3 | AJ27: =AH26+AH27 -> 1 | AK27: =AI26+AI27 -> 4 | AL27: =AK27/AJ27 -> 4 | AM27: бараки 1 | AO27: Деревня Эйл | AP27: 2 | AQ27: второй | AR27: 1 | AS27: 2 | AT27: =AR26+AR27 -> 1 | AU27: =AS26+AS27 -> 4 | AV27: =AU27/AT27 -> 4 | AW27: Бараки 1
A28: Хидель | B28: 1-2 | C28: второй | D28: 1 | E28: 1 | F28: =D27+D28 -> 1 | G28: =E27+E28 -> 2 | H28: =G28/F28 -> 2 | I28: барак 1 | K28: Валенсия | L28: 17-1 | M28: первый | N28: 0 | O28: 1 | P28: =N28 -> 0 | Q28: =O28 -> 1 | R28: =Q28 -> 1 | S28: --- | U28: Эферия | V28: 2-3-2 | W28: пятый | X28: 2 | Y28: 1 | Z28: =X23+X25+X26+X27+X28 -> 3 | AA28: =Y23+Y25+Y26+Y27+Y28 -> 7 | AB28: =AA28/Z28 -> 2.3333333 | AC28: бараки 2 | AE28: Кальфеон | AF28: Трущебы 2-2-2 | AG28: третий | AH28: 2 | AI28: 1 | AJ28: =AH26+AH27+AH28 -> 3 | AK28: =AI26+AI27+AI28 -> 5 | AL28: =AK28/AJ28 -> 1.6666667 | AM28: бараки 2 | AO28: Деревня Эйл | AP28: 3 | AQ28: третий | AR28: 0 | AS28: 3 | AT28: =AR26+AR27+AR28 -> 1 | AU28: =AS26+AS27+AS28 -> 7 | AV28: =AU28/AT28 -> 7
A29: Хидель | B29: 1-5 | C29: третий | D29: 2 | E29: 4 | F29: =D27+D28+D29 -> 3 | G29: =E27+E28+E29 -> 6 | H29: =G29/F29 -> 2 | I29: барак 2 | K29: Валенсия | L29: 17-2 | M29: второй | N29: 1 | O29: 2 | P29: =N28+N29 -> 1 | Q29: =O28+O29 -> 3 | R29: =Q29/P29 -> 3 | S29: бараки 1 | U29: Эферия | V29: 2-4-1 | W29: пятый | X29: 0 | Y29: 1 | Z29: =X23+X25+X26+X27+X29 -> 1 | AA29: =Y23+Y25+Y26+Y27+Y29 -> 7 | AB29: =AA29/Z29 -> 7 | AC29: --- | AE29: Кальфеон | AF29: Трущебы 2-3-2 | AG29: третий | AH29: 1 | AI29: 1 | AJ29: =AH26+AH27+AH29 -> 2 | AK29: =AI26+AI27+AI29 -> 5 | AL29: =AK29/AJ29 -> 2.5 | AM29: бараки 1 | AO29: Деревня Эйл | AP29: 4 | AQ29: четвертый | AR29: 2 | AS29: 4 | AT29: =AR26+AR27+AR28+AR29 -> 3 | AU29: =AS26+AS27+AS28+AS29 -> 11 | AV29: =AU29/AT29 -> 3.6666667 | AW29: Бараки 2
A30: Хидель | B30: 4-1-1 | C30: первый | D30: 1 | E30: 1 | F30: =D30 -> 1 | G30: =E30 -> 1 | H30: =G30/F30 -> 1 | I30: барак 1 | K30: Валенсия | L30: 18-1-1 | M30: первый | N30: 1 | O30: 1 | P30: =N30 -> 1 | Q30: =O30 -> 1 | R30: =Q30/P30 -> 1 | S30: бараки 1 | U30: Эферия | V30: 2-5 | W30: шестой | X30: 3 | Y30: 5 | Z30: =X23+X25+X26+X27+X29+X30 -> 4 | AA30: =Y23+Y25+Y26+Y27+Y29+Y30 -> 12 | AB30: =AA30/Z30 -> 3 | AC30: бараки 3 | AE30: Кальфеон | AF30: Трущебы 2-3-3 | AG30: четвертый | AH30: 2 | AI30: 1 | AJ30: =AH26+AH27+AH29+AH30 -> 4 | AK30: =AI26+AI27+AI29+AI30 -> 6 | AL30: =AK30/AJ30 -> 1.5 | AM30: бараки 2 | AO30: Деревня Эйл | AP30: 5 | AQ30: пятый | AR30: 3 | AS30: 5 | AT30: =AR26+AR27+AR28+AR29+AR30 -> 6 | AU30: =AS26+AS27+AS28+AS29+AS30 -> 16 | AV30: =AU30/AT30 -> 2.6666667 | AW30: Бараки 3
A31: Хидель | B31: 7-1 | C31: первый | D31: 0 | E31: 1 | F31: =D31 -> 0 | G31: =E31 -> 1 | H31: =G31 -> 1 | I31: --- | K31: Валенсия | L31: 19-1 | M31: первый | N31: 1 | O31: 1 | P31: =N31 -> 1 | Q31: =O31 -> 1 | R31: =Q31/P31 -> 1 | S31: бараки 1 | U31: Эферия | V31: 3-1-1 | W31: первый | X31: 0 | Y31: 1 | Z31: =X31 -> 0 | AA31: =Y31 -> 1 | AB31: =AA31 -> 1 | AC31: --- | AE31: Кальфеон | AF31: Трущебы 3-1-1 | AG31: первый | AH31: 1 | AI31: 1 | AJ31: =AH31 -> 1 | AK31: =AI31 -> 1 | AL31: =AK31/AJ31 -> 1 | AM31: бараки 1 | AO31: Итого бараков: | AR31: =SUM(AR26:AR30) -> 6
A32: Хидель | B32: 7-2-1 | C32: второй | D32: 0 | E32: 2 | F32: =D31+D32 -> 0 | G32: =E31+E32 -> 3 | H32: =G32 -> 3 | I32: --- | K32: Валенсия | L32: 19-2-1 | M32: второй | N32: 0 | O32: 1 | P32: =N31+N32 -> 1 | Q32: =O31+O32 -> 2 | R32: =Q32/P32 -> 2 | S32: --- | U32: Эферия | V32: 3-1-2 | W32: второй | X32: 1 | Y32: 2 | Z32: =X31+X32 -> 1 | AA32: =Y31+Y32 -> 3 | AB32: =AA32/Z32 -> 3 | AC32: бараки 1 | AE32: Кальфеон | AF32: Базар 7-3-1 | AG32: первый | AH32: 1 | AI32: 2 | AJ32: =AH32 -> 1 | AK32: =AI32 -> 2 | AL32: =AK32/AJ32 -> 2 | AM32: бараки 1
A33: Хидель | B33: 7-3-1 | C33: третий | D33: 3 | E33: 1 | F33: =D31+D32+D33 -> 3 | G33: =E31+E32+E33 -> 4 | H33: =G33/F33 -> 1.3333333 | I33: барак 3 | K33: Валенсия | L33: 19-2-2 | M33: третий | N33: 0 | O33: 2 | P33: =N31+N32+N33 -> 1 | Q33: =O31+O32+O33 -> 4 | R33: =Q33/P33 -> 4 | S33: --- | U33: Эферия | V33: 3-1-3 | W33: третий | X33: 2 | Y33: 2 | Z33: =X31+X32+X33 -> 3 | AA33: =Y31+Y32+Y33 -> 5 | AB33: =AA33/Z33 -> 1.6666667 | AC33: бараки 2 | AE33: Кальфеон | AF33: Базар 7-4-2 | AG33: второй | AH33: 1 | AI33: 1 | AJ33: =AH32+AH33 -> 2 | AK33: =AI32+AI33 -> 3 | AL33: =AK33/AJ33 -> 1.5 | AM33: бараки 1 | AO33: Лагерь Балакс | AP33: 1 | AQ33: первый | AR33: 2 | AS33: 3 | AT33: =AR33 -> 2 | AU33: =AS33 -> 3 | AV33: =AU33/AT33 -> 1.5 | AW33: Бараки 2
A34: Хидель | B34: 8-1-1 | C34: первый | D34: 1 | E34: 1 | F34: =D34 -> 1 | G34: =E34 -> 1 | H34: =G34/F34 -> 1 | I34: барак 1 | K34: Валенсия | L34: 19-3-1 | M34: третий | N34: 0 | O34: 2 | P34: =N31+N32+N34 -> 1 | Q34: =O31+O32+O34 -> 4 | R34: =Q34/P34 -> 4 | S34: --- | U34: Эферия | V34: 3-2-1 | W34: второй | X34: 0 | Y34: 2 | Z34: =X31+X34 -> 0 | AA34: =Y31+Y34 -> 3 | AB34: =AA34 -> 3 | AC34: --- | AE34: Кальфеон | AF34: Базар 7-6-1 | AG34: третий | AH34: 1 | AI34: 2 | AJ34: =AH32+AH33+AH34 -> 3 | AK34: =AI32+AI33+AI34 -> 5 | AL34: =AK34/AJ34 -> 1.6666667 | AM34: бараки 1 | AO34: Лагерь Балакс | AP34: 2 | AQ34: второй | AR34: 2 | AS34: 3 | AT34: =AR34 -> 2 | AU34: =AS34 -> 3 | AV34: =AU34/AT34 -> 1.5 | AW34: Бараки 2
A35: Хидель | B35: 8-1-2 | C35: второй | D35: 2 | E35: 2 | F35: =D34+D35 -> 3 | G35: =E34+E35 -> 3 | H35: =G35/F35 -> 1 | I35: барак 2 | K35: Валенсия | L35: 19-3-2 | M35: четвертый | N35: 0 | O35: 4 | P35: =N31+N32+N34+N35 -> 1 | Q35: =O31+O32+O34+O35 -> 8 | R35: =Q35/P35 -> 8 | S35: --- | U35: Эферия | V35: 3-2-2 | W35: третий | X35: 1 | Y35: 2 | Z35: =X31+X34+X35 -> 1 | AA35: =Y31+Y34+Y35 -> 5 | AB35: =AA35/Z35 -> 5 | AC35: бараки 1 | AE35: Кальфеон | AF35: Базар 7-6-2 | AG35: четвертый | AH35: 3 | AI35: 2 | AJ35: =AH32+AH33+AH34+AH35 -> 6 | AK35: =AI32+AI33+AI34+AI35 -> 7 | AL35: =AK35/AJ35 -> 1.1666667 | AM35: бараки 3 | AO35: Итого бараков: | AR35: =SUM(AR33:AR34) -> 4
A36: Хидель | B36: 8-1-3 | C36: третий | D36: 3 | E36: 2 | F36: =D34+D35+D36 -> 6 | G36: =E34+E35+E36 -> 5 | H36: =G36/F36 -> 0.83333333 | I36: барак 3 | K36: Валенсия | L36: 19-4-1 | M36: четвертый | N36: 0 | O36: 3 | P36: =N31+N32+N34+N36 -> 1 | Q36: =O31+O32+O34+O36 -> 7 | R36: =Q36/P36 -> 7 | S36: --- | U36: Эферия | V36: 3-3-1 | W36: третий | X36: 0 | Y36: 1 | Z36: =X31+X34+X36 -> 0 | AA36: =Y31+Y34+Y36 -> 4 | AB36: =AA36 -> 4 | AC36: --- | AE36: Кальфеон | AF36: Базар 7-6-3 | AG36: пятый | AH36: 3 | AI36: 3 | AJ36: =AH32+AH33+AH34+AH35+AH36 -> 9 | AK36: =AI32+AI33+AI34+AI35+AI36 -> 10 | AL36: =AK36/AJ36 -> 1.1111111 | AM36: бараки 3
A37: Хидель | B37: 8-1-4 | C37: четвертый | D37: 5 | E37: 3 | F37: =D34+D35+D36+D37 -> 11 | G37: =E34+E35+E36+E37 -> 8 | H37: =G37/F37 -> 0.72727273 | I37: барак 5 | K37: Валенсия | L37: 19-4-2 | M37: пятый | N37: 4 | O37: 5 | P37: =N31+N32+N34+N36+N37 -> 5 | Q37: =O31+O32+O34+O36+O37 -> 12 | R37: =Q37/P37 -> 2.4 | S37: бараки 4 | U37: Эферия | V37: 3-3-2 | W37: четвертый | X37: 1 | Y37: 1 | Z37: =X31+X34+X36+X37 -> 1 | AA37: =Y31+Y34+Y36+Y37 -> 5 | AB37: =AA37/Z37 -> 5 | AC37: бараки 1 | AE37: Кальфеон | AF37: Базар 1-1-2 | AG37: первый | AH37: 1 | AI37: 1 | AJ37: =AH37 -> 1 | AK37: =AI37 -> 1 | AL37: =AK37/AJ37 -> 1 | AM37: бараки 1 | AO37: Страна у тра | AP37: Дом | AQ37: Следование | AR37: Ячейки | AS37: Очки | AT37: ∑яч. | AU37: ∑очк | AV37: Цена1яч. | AW37: Примечание1
A38: Хидель | B38: 9-1-1 | C38: первый | D38: 0 | E38: 1 | F38: =D38 -> 0 | G38: =E38 -> 1 | H38: =G38 -> 1 | I38: --- | K38: Валенсия | L38: 20-1-1 | M38: первый | N38: 2 | O38: 2 | P38: =N38 -> 2 | Q38: =O38 -> 2 | R38: =Q38/P38 -> 1 | S38: бараки 2 | U38: Эферия | V38: 3-4-1 | W38: четвертый | X38: 0 | Y38: 3 | Z38: =X31+X34+X36+X38 -> 0 | AA38: =Y31+Y34+Y36+Y38 -> 7 | AB38: =AA38 -> 7 | AC38: --- | AE38: Кальфеон | AF38: Базар 1-2-1 | AG38: второй | AH38: 0 | AI38: 2 | AJ38: =AH37+AH38 -> 1 | AK38: =AI37+AI38 -> 3 | AL38: =AK38 -> 3 | AM38: --- | AO38: Мутыль (Нампо) | AP38: 1 | AQ38: первый | AR38: 2 | AS38: 1 | AT38: =AR38 -> 2 | AU38: =AS38 -> 1 | AV38: =AU38 -> 1 | AW38: Бараки 2
A39: Хидель | B39: 9-1-2 | C39: второй | D39: 1 | E39: 1 | F39: =D38+D39 -> 1 | G39: =E38+E39 -> 2 | H39: =G39/F39 -> 2 | I39: барак 1 | K39: Валенсия | L39: 20-1-2 | M39: второй | N39: 0 | O39: 3 | P39: =N38+N39 -> 2 | Q39: =O38+O39 -> 5 | R39: =Q39/P39 -> 2.5 | S39: --- | U39: Эферия | V39: 3-5-1 | W39: пятый | X39: 0 | Y39: 2 | Z39: =X31+X34+X36+X38+X39 -> 0 | AA39: =Y31+Y34+Y36+Y38+Y39 -> 9 | AB39: =AA39 -> 9 | AC39: --- | AE39: Кальфеон | AF39: Базар 1-3-2 | AG39: третий | AH39: 2 | AI39: 3 | AJ39: =AH37+AH38+AH39 -> 3 | AK39: =AI37+AI38+AI39 -> 6 | AL39: =AK39/AJ39 -> 2 | AM39: бараки 2 | AO39: Мутыль (Нампо) | AP39: 2 | AQ39: второй | AR39: 3 | AS39: 1 | AT39: =AR39 -> 3 | AU39: =AS39 -> 1 | AV39: =AU39/AT39 -> 0.33333333 | AW39: Бараки 3
A40: Хидель | B40: 9-2-1 | C40: второй | D40: 1 | E40: 1 | F40: =D38+D40 -> 1 | G40: =E38+E40 -> 2 | H40: =G40/F40 -> 2 | I40: барак 1 | K40: Валенсия | L40: 20-1-3 | M40: третий | N40: 0 | O40: 3 | P40: =N38+N39+N40 -> 2 | Q40: =O38+O39+O40 -> 8 | R40: =Q40/P40 -> 4 | S40: --- | U40: Эферия | V40: 3-5-2 | W40: шестой | X40: 3 | Y40: 3 | Z40: =X31+X34+X36+X38+X39+X40 -> 3 | AA40: =Y31+Y34+Y36+Y38+Y39+Y40 -> 12 | AB40: =AA40/Z40 -> 4 | AC40: бараки 3 | AE40: Кальфеон | AF40: Базар 1-5 | AG40: первый | AH40: 1 | AI40: 1 | AJ40: =AH40 -> 1 | AK40: =AI40 -> 1 | AL40: =AK40/AJ40 -> 1 | AM40: бараки 1 | AO40: Мутыль (Нампо) | AP40: 3 | AQ40: третий | AR40: 3 | AS40: 1 | AT40: =AR40 -> 3 | AU40: =AS40 -> 1 | AV40: =AU40/AT40 -> 0.33333333 | AW40: Бараки 3
A41: Хидель | B41: 9-2-2 | C41: третий | D41: 1 | E41: 2 | F41: =D38+D40+D41 -> 2 | G41: =E38+E40+E41 -> 4 | H41: =G41/F41 -> 2 | I41: барак 1 | K41: Валенсия | L41: 20-2-1 | M41: второй | N41: 0 | O41: 4 | P41: =N38+N41 -> 2 | Q41: =O38+O41 -> 6 | R41: =Q41/P41 -> 3 | S41: --- | U41: Итого бараков: | X41: =SUM(X16:X40) -> 24 | AE41: Кальфеон | AF41: Базар 2-1-1 | AG41: первый | AH41: 1 | AI41: 1 | AJ41: =AH41 -> 1 | AK41: =AI41 -> 1 | AL41: =AK41/AJ41 -> 1 | AM41: бараки 1 | AO41: Мутыль (Нампо) | AP41: 4 | AQ41: четвертый | AR41: 3 | AS41: 1 | AT41: =AR41 -> 3 | AU41: =AS41 -> 1 | AV41: =AU41/AT41 -> 0.33333333 | AW41: Бараки 3
A42: Ферма Коста | B42: 1-1 | C42: первый | D42: 0 | E42: 1 | F42: =D42 -> 0 | G42: =E42 -> 1 | H42: =G42 -> 1 | I42: --- | K42: Валенсия | L42: 20-2-2 | M42: третий | N42: 3 | O42: 5 | P42: =N38+N41+N42 -> 5 | Q42: =O38+O41+O42 -> 11 | R42: =Q42/P42 -> 2.2 | S42: бараки 3 | AE42: Кальфеон | AF42: Базар 2-1-2 | AG42: второй | AH42: 1 | AI42: 2 | AJ42: =AH41+AH42 -> 2 | AK42: =AI41+AI42 -> 3 | AL42: =AK42/AJ42 -> 1.5 | AM42: бараки 1 | AO42: Итого бараков: | AR42: =SUM(AR38:AR41) -> 11
A43: Ферма Коста | B43: 1-2 | C43: второй | D43: 1 | E43: 2 | F43: =D42+D43 -> 1 | G43: =E42+E43 -> 3 | H43: =G43/F43 -> 3 | I43: бараки 1 | K43: Итого бараков: | N43: =SUM(N4:N42) -> 42 | U43: Деревня Флорин | V43: 1-1-1 | W43: первый | X43: 0 | Y43: 1 | Z43: =X43 -> 0 | AA43: =Y43 -> 1 | AB43: =AA43 -> 1 | AC43: --- | AE43: Кальфеон | AF43: Базар 5-5-1 | AG43: первый | AH43: 1 | AI43: 1 | AJ43: =AH43 -> 1 | AK43: =AI43 -> 1 | AL43: =AK43/AJ43 -> 1 | AM43: бараки 1
A44: Итого бараков: | D44: =SUM(D27:D43) -> 22 | E44: еще +1 барак за мили | U44: Деревня Флорин | V44: 1-1-2 | W44: второй | X44: 1 | Y44: 1 | Z44: =X43+X44 -> 1 | AA44: =Y43+Y44 -> 2 | AB44: =AA44/Z44 -> 2 | AC44: бараки 1 | AE44: Кальфеон | AF44: Базар 5-5-2 | AG44: второй | AH44: 1 | AI44: 2 | AJ44: =AH43+AH44 -> 2 | AK44: =AI43+AI44 -> 3 | AL44: =AK44/AJ44 -> 1.5 | AM44: бараки 1 | AO44: Тальболь | AP44: 1 | AQ44: первый | AR44: 2 | AS44: 1 | AT44: =AR44 -> 2 | AU44: =AS44 -> 1 | AV44: =AU44 -> 1 | AW44: Бараки 2
K45: Дер.Арехаза | L45: 1-1 | M45: первый | N45: 0 | O45: 1 | P45: =N45 -> 0 | Q45: 1 | R45: =Q45 -> 1 | S45: --- | U45: Деревня Флорин | V45: 1-1-3 | W45: третий | X45: 2 | Y45: 2 | Z45: =X43+X44+X45 -> 3 | AA45: =Y43+Y44+Y45 -> 4 | AB45: =AA45/Z45 -> 1.3333333 | AC45: бараки 2 | AE45: Кальфеон | AF45: Студенческий квартал 2-1-1 | AG45: первый | AH45: 0 | AI45: 1 | AJ45: =AH45 -> 0 | AK45: =AI45 -> 1 | AL45: =AK45 -> 1 | AM45: --- | AO45: Тальболь | AP45: 2 | AQ45: второй | AR45: 2 | AS45: 1 | AT45: =AR44+AR45 -> 4 | AU45: =AS44+AS45 -> 2 | AV45: =AU45/AT45 -> 0.5 | AW45: Бараки 2
A46: Глиши | B46: 1-1 | C46: первый | D46: 1 | E46: 1 | F46: =D46 -> 1 | G46: =E46 -> 1 | H46: =G46/F46 -> 1 | I46: бараки 1 | K46: Дер.Арехаза | L46: 1-2 | M46: второй | N46: 1 | O46: 3 | P46: =N45+N46 -> 1 | Q46: =O45+O46 -> 4 | R46: =Q46/P46 -> 4 | S46: бараки 1 | U46: Деревня Флорин | V46: 2-1 | W46: первый | X46: 0 | Y46: 1 | Z46: =X46 -> 0 | AA46: =Y46 -> 1 | AB46: =AA46 -> 1 | AC46: --- | AE46: Кальфеон | AF46: Студенческий квартал 2-2-1 | AG46: второй | AH46: 0 | AI46: 2 | AJ46: =AH45+AH46 -> 0 | AK46: =AI45+AI46 -> 3 | AL46: =AK46 -> 3 | AM46: --- | AO46: Тальболь | AP46: 3 | AQ46: третий | AR46: 1 | AS46: 1 | AT46: =AR44+AR45+AR46 -> 5 | AU46: =AS44+AS45+AS46 -> 3 | AV46: =AU46/AT46 -> 0.6 | AW46: Бараки 1
A47: Глиши | B47: 1-2 | C47: второй | D47: 1 | E47: 2 | F47: =D46+D47 -> 2 | G47: =E46+E47 -> 3 | H47: =G47/F47 -> 1.5 | I47: бараки 1 | K47: Дер.Арехаза | L47: 2-1 | M47: первый | N47: 0 | O47: 1 | P47: =N47 -> 0 | Q47: 1 | R47: =Q47 -> 1 | S47: --- | U47: Деревня Флорин | V47: 2-2 | W47: второй | X47: 0 | Y47: 1 | Z47: =X46+X47 -> 0 | AA47: =Y46+Y47 -> 2 | AB47: =AA47 -> 2 | AC47: --- | AE47: Кальфеон | AF47: Студенческий квартал 2-4 | AG47: третий | AH47: 0 | AI47: 2 | AJ47: =AH45+AH46+AH47 -> 0 | AK47: =AI45+AI46+AI47 -> 5 | AL47: =AK47 -> 5 | AM47: --- | AO47: Тальболь | AP47: 4 | AQ47: четвертый | AR47: 1 | AS47: 1 | AT47: =AR44+AR45+AR46+AR47 -> 6 | AU47: =AS44+AS45+AS46+AS47 -> 4 | AV47: =AU47/AT47 -> 0.66666667 | AW47: Бараки 1
A48: Глиши | B48: 1-3 | C48: третий | D48: 2 | E48: 2 | F48: =D46+D47+D48 -> 4 | G48: =E46+E47+E48 -> 5 | H48: =G48/F48 -> 1.25 | I48: бараки 2 | K48: Дер.Арехаза | L48: 2-2 | M48: второй | N48: 2 | O48: 3 | P48: =N47+N48 -> 2 | Q48: =O47+O48 -> 4 | R48: =Q48/P48 -> 2 | S48: бараки 2 | U48: Деревня Флорин | V48: 2-3 | W48: третий | X48: 1 | Y48: 2 | Z48: =X46+X47+X48 -> 1 | AA48: =Y46+Y47+Y48 -> 4 | AB48: =AA48/Z48 -> 4 | AC48: бараки 1 | AE48: Кальфеон | AF48: Студенческий квартал 2-5-1 | AG48: четвертый | AH48: 2 | AI48: 1 | AJ48: =AH45+AH46+AH47+AH48 -> 2 | AK48: =AI45+AI46+AI47+AI48 -> 6 | AL48: =AK48/AJ48 -> 3 | AM48: Бараки 2 | AO48: Тальболь | AP48: 5 | AQ48: пятый | AR48: 1 | AS48: 1 | AT48: =AR44+AR45+AR46+AR47+AR48 -> 7 | AU48: =AS44+AS45+AS46+AS47+AS48 -> 5 | AV48: =AU48/AT48 -> 0.71428571 | AW48: Бараки 1
A49: Итого бараков: | D49: =SUM(D46:D48) -> 4 | K49: Итого бараков: | N49: =SUM(N45:N48) -> 3 | U49: Северное поле пшен. | V49: 1-1 | W49: первый | X49: 1 | Y49: 2 | Z49: =X49 -> 1 | AA49: =Y49 -> 2 | AB49: =AA49/Z49 -> 2 | AC49: бараки 1 | AE49: Кальфеон | AF49: Студенческий квартал 2-5-2 | AG49: пятый | AH49: 3 | AI49: 2 | AJ49: =AH45+AH46+AH47+AH48+AH49 -> 5 | AK49: =AI45+AI46+AI47+AI48+AI49 -> 8 | AL49: =AK49/AJ49 -> 1.6 | AM49: Бараки 3 | AO49: Итого бараков: | AR49: =SUM(AR44:AR48) -> 7
U50: Ферма Габино | V50: 2-2 | W50: первый | X50: 0 | Y50: 1 | Z50: =X50 -> 0 | AA50: =Y50 -> 1 | AB50: =AA50 -> 1 | AC50: --- | AE50: Кальфеон | AF50: Студенческий квартал 2-5-3 | AG50: шестой | AH50: 3 | AI50: 3 | AJ50: =AH45+AH46+AH47+AH48+AH49+AH50 -> 8 | AK50: =AI45+AI46+AI47+AI48+AI49+AI50 -> 11 | AL50: =AK50/AJ50 -> 1.375 | AM50: Бараки 3
A51: Медия | B51: Дом | C51: Следование | D51: Бараки | E51: Очки | F51: ∑мест | G51: ∑очк | H51: Цена1яч. | I51: Примечание | K51: Порт Никаду | L51: 1-1 | M51: первый | N51: 1 | O51: 1 | P51: 3 | Q51: 1 | R51: =Q51/P51 -> 0.33333333 | S51: бараки 1 | U51: Ферма Габино | V51: 1-1 | W51: второй | X51: 1 | Y51: 1 | Z51: =X50+X51 -> 1 | AA51: =Y50+Y51 -> 2 | AB51: =AA51/Z51 -> 2 | AC51: бараки 1 | AE51: Итого бараков: | AH51: =SUM(AH4:AH50) -> 66 | AI51: еще +1 барак за мили | AO51: Край северных ветров | AP51: 1 | AQ51: первый | AR51: 3 | AS51: 1 | AT51: =AR51 -> 3 | AU51: =AS51 -> 1 | AV51: =AU51 -> 1 | AW51: Бараки 3
A52: Алтенова | B52: 6-1 | C52: первый | D52: 1 | E52: 1 | F52: =D52 -> 1 | G52: =E52 -> 1 | H52: =G52/F52 -> 1 | I52: бараки 1 | K52: Порт Никаду | L52: 1-2 | M52: второй | N52: 2 | O52: 3 | P52: =N51+N52 -> 3 | Q52: =O51+O52 -> 4 | R52: =Q52/P52 -> 1.3333333 | S52: бараки 2 | U52: Ферма Габино | V52: 1-2 | W52: третий | X52: 2 | Y52: 2 | Z52: =X50+X51+X52 -> 3 | AA52: =Y50+Y51+Y52 -> 4 | AB52: =AA52/Z52 -> 1.3333333 | AC52: бараки 2 | AO52: Край северных ветров | AP52: 2 | AQ52: второй | AR52: 2 | AS52: 1 | AT52: =AR51+AR52 -> 5 | AU52: =AS51+AS52 -> 2 | AV52: =AU52/AT52 -> 0.4 | AW52: Бараки 2
A53: Алтенова | B53: 6-2 | C53: второй | D53: 2 | E53: 2 | F53: =D52+D53 -> 3 | G53: =E52+E53 -> 3 | H53: =G53/F53 -> 1 | I53: бараки 2 | K53: Итого бараков: | N53: =SUM(N51:N52) -> 3 | U53: Ферма Габино | V53: 3-1 | W53: второй | X53: 0 | Y53: 1 | Z53: =X50+X53 -> 0 | AA53: =Y50+Y53 -> 2 | AB53: =AA53 -> 2 | AC53: --- | AO53: Край северных ветров | AP53: 3 | AQ53: третий | AR53: 1 | AS53: 1 | AT53: =AR51+AR52+AR53 -> 6 | AU53: =AS51+AS52+AS53 -> 3 | AV53: =AU53/AT53 -> 0.5 | AW53: Бараки 1
A54: Алтенова | B54: 6-3-1 | C54: третий | D54: 2 | E54: 1 | F54: =D52+D53+D54 -> 5 | G54: =E52+E53+E54 -> 4 | H54: =G54/F54 -> 0.8 | I54: бараки 2 | U54: Ферма Габино | V54: 4-1 | W54: третий | X54: 0 | Y54: 2 | Z54: =X50+X53+X54 -> 0 | AA54: =Y50+Y53+Y54 -> 4 | AB54: =AA54 -> 4 | AC54: --- | AO54: Край северных ветров | AP54: 4 | AQ54: четвертый | AR54: 1 | AS54: 1 | AT54: =AR51+AR52+AR53+AR54 -> 7 | AU54: =AS51+AS52+AS53+AS54 -> 4 | AV54: =AU54/AT54 -> 0.57142857 | AW54: Бараки 1
A55: Алтенова | B55: 6-4 | C55: четвертый | D55: 3 | E55: 3 | F55: =D52+D53+D54+D55 -> 8 | G55: =E52+E53+E54+E55 -> 7 | H55: =G55/F55 -> 0.875 | I55: бараки 3 | K55: Шакату | L55: 1-1 | M55: первый | N55: 1 | O55: 1 | P55: 3 | Q55: 1 | R55: =Q55/P55 -> 0.33333333 | S55: бараки 1 | U55: Ферма Габино | V55: 4-2 | W55: четвертый | X55: 5 | Y55: 3 | Z55: =X50+X53+X54+X55 -> 5 | AA55: =Y50+Y53+Y54+Y55 -> 7 | AB55: =AA55/Z55 -> 1.4 | AC55: бараки 5 | AO55: Край северных ветров | AP55: 5 | AQ55: пятый | AR55: 1 | AS55: 1 | AT55: =AR51+AR52+AR53+AR54+AR55 -> 8 | AU55: =AS51+AS52+AS53+AS54+AS55 -> 5 | AV55: =AU55/AT55 -> 0.625 | AW55: Бараки 1
A56: Алтенова | B56: 10-1 | C56: первый | D56: 1 | E56: 2 | F56: =D56 -> 1 | G56: =E56 -> 2 | H56: =G56/F56 -> 2 | I56: бараки 1 | K56: Шакату | L56: 1-2 | M56: второй | N56: 1 | O56: 2 | P56: =N55+N56 -> 2 | Q56: =O55+O56 -> 3 | R56: =Q56/P56 -> 1.5 | S56: бараки 1 | U56: Ранчо Фаас | V56: 1 | W56: первый | X56: 2 | Y56: 2 | Z56: 2 | AA56: =Y56 -> 2 | AB56: =AA56/Z56 -> 1 | AC56: бараки 2 | AO56: Итого бараков: | AR56: =SUM(AR51:AR55) -> 8
A57: Алтенова | B57: 10-2 | C57: второй | D57: 2 | E57: 3 | F57: =D56+D57 -> 3 | G57: =E56+E57 -> 5 | H57: =G57/F57 -> 1.6666667 | I57: бараки 2 | K57: Шакату | L57: 1-3 | M57: третий | N57: 3 | O57: 4 | P57: =N55+N56+N57 -> 5 | Q57: =O55+O56+O57 -> 7 | R57: =Q57/P57 -> 1.4 | S57: бараки 3 | U57: Угодья Бейн | V57: 1 | W57: первый | X57: 1 | Y57: 3 | Z57: 1 | AA57: =Y57 -> 3 | AB57: =AA57/Z57 -> 3 | AC57: бараки 1
A58: Деревня Абун | B58: 1-1 | C58: первый | D58: 0 | E58: 1 | F58: =D58 -> 0 | G58: =E58 -> 1 | H58: =G58 -> 1 | I58: --- | K58: Шакату | L58: 2-1 | M58: первый | N58: 1 | O58: 2 | P58: 3 | Q58: 1 | R58: =Q58/P58 -> 0.33333333 | S58: бараки 1 | U58: Итого бараков: | X58: =SUM(X43:X57) -> 16
A59: Деревня Абун | B59: 1-2 | C59: второй | D59: 1 | E59: 1 | F59: =D58+D59 -> 1 | G59: =E58+E59 -> 2 | H59: =G59/F59 -> 2 | I59: бараки 1 | K59: Шакату | L59: 2-2 | M59: второй | N59: 2 | O59: 4 | P59: =N58+N59 -> 3 | Q59: =O58+O59 -> 6 | R59: =Q59/P59 -> 2 | S59: бараки 2
A60: Деревня Абун | B60: 1-3 | C60: третий | D60: 2 | E60: 2 | F60: =D58+D59+D60 -> 3 | G60: =E58+E59+E60 -> 4 | H60: =G60/F60 -> 1.3333333 | I60: бараки 2 | K60: Поля Шакату | L60: 1-1 | M60: первый | N60: 2 | O60: 1 | P60: 3 | Q60: 1 | R60: =Q60/P60 -> 0.33333333 | S60: бараки 2 | U60: Трент | V60: 1 | W60: первый | X60: 0 | Y60: 1 | Z60: =X60 -> 0 | AA60: =Y60 -> 1 | AB60: =AA60 -> 1 | AC60: ---
A61: Паучья деревня | B61: 1-1 | C61: первый | D61: 0 | E61: 1 | F61: =D61 -> 0 | G61: =E61 -> 1 | H61: =G61 -> 1 | I61: --- | K61: Итого бараков: | N61: =SUM(N55:N60) -> 10 | U61: Трент | V61: 2 | W61: второй | X61: 1 | Y61: 2 | Z61: =X60+X61 -> 1 | AA61: =Y60+Y61 -> 3 | AB61: =AA61/Z61 -> 3 | AC61: бараки 1
A62: Паучья деревня | B62: 1-2 | C62: второй | D62: 1 | E62: 1 | F62: =D61+D62 -> 1 | G62: =E61+E62 -> 2 | H62: =G62/F62 -> 2 | I62: бараки 1 | U62: Трент | V62: 5 | W62: третий | X62: 2 | Y62: 4 | Z62: =X60+X61+X62 -> 3 | AA62: =Y60+Y61+Y62 -> 7 | AB62: =AA62/Z62 -> 2.3333333 | AC62: бараки 2
A63: Пастбище кам.пуст. | B63: 1 | C63: первый | D63: 0 | E63: 1 | F63: =D63 -> 0 | G63: =E63 -> 1 | H63: =G63 -> 1 | I63: --- | K63: Фермер.Базар | L63: 1-1 | M63: первый | N63: 1 | O63: 1 | P63: 3 | Q63: 1 | R63: =Q63/P63 -> 0.33333333 | S63: бараки 1 | U63: Трент | V63: 3 | W63: второй | X63: 1 | Y63: 3 | Z63: =X60+X63 -> 1 | AA63: =Y60+Y63 -> 4 | AB63: =AA63/Z63 -> 4 | AC63: бараки 1
A64: Пастбище кам.пуст. | B64: 2 | C64: второй | D64: 2 | E64: 1 | F64: =D63+D64 -> 2 | G64: =E63+E64 -> 2 | H64: =G64/F64 -> 1 | I64: бараки 2 | K64: Фермер.Базар | L64: 1-2 | M64: второй | N64: 2 | O64: 3 | P64: =N63+N64 -> 3 | Q64: =O63+O64 -> 4 | R64: =Q64/P64 -> 1.3333333 | S64: бараки 2 | U64: Лесной сторож.пост | V64: 1 | W64: первый | X64: 1 | Y64: 3 | Z64: =X64 -> 1 | AA64: =Y64 -> 3 | AB64: =AA64/Z64 -> 3 | AC64: бараки 1
A65: Итого бараков: | D65: =SUM(D52:D64) -> 17 | K65: Фермер.Базар | L65: 2-1 | M65: первый | N65: 1 | O65: 1 | P65: 3 | Q65: 1 | R65: =Q65/P65 -> 0.33333333 | S65: бараки 1 | U65: Лесной сторож.пост | V65: 2 | W65: второй | X65: 2 | Y65: 3 | Z65: =X64+X65 -> 3 | AA65: =Y64+Y65 -> 6 | AB65: =AA65/Z65 -> 2 | AC65: бараки 2
K66: Фермер.Базар | L66: 2-2 | M66: второй | N66: 2 | O66: 3 | P66: =N65+N66 -> 3 | Q66: =O65+O66 -> 4 | R66: =Q66/P66 -> 1.3333333 | S66: бараки 2 | U66: Медвежья деревня | V66: 1 | W66: первый | X66: 1 | Y66: 2 | Z66: =X66 -> 1 | AA66: =Y66 -> 2 | AB66: =AA66/Z66 -> 2 | AC66: бараки 1
A67: Деревня Тариффа | B67: 2-1-1 | C67: первый | D67: 0 | E67: 1 | F67: =D67 -> 0 | G67: =E67 -> 1 | H67: =G67 -> 1 | I67: --- | K67: Фермер.Базар | L67: 3-1 | M67: первый | N67: 1 | O67: 1 | P67: 3 | Q67: 1 | R67: =Q67/P67 -> 0.33333333 | S67: бараки 1 | U67: Медвежья деревня | V67: 2 | W67: второй | X67: 1 | Y67: 1 | Z67: =X66+X67 -> 2 | AA67: =Y66+Y67 -> 3 | AB67: =AA67/Z67 -> 1.5 | AC67: бараки 1
A68: Деревня Тариффа | B68: 2-2-1 | C68: второй | D68: 2 | E68: 1 | F68: =D67+D68 -> 2 | G68: =E67+E68 -> 2 | H68: =G68/F68 -> 1 | I68: бараки 2 | K68: Итого бараков: | N68: =SUM(N63:N67) -> 7 | U68: Итого бараков: | X68: =SUM(X60:X67) -> 9
A69: Ферма Эхто | B69: 1 | C69: первый | D69: 1 | E69: 1 | F69: =D69 -> 1 | G69: 1 | H69: =G69/F69 -> 1 | I69: бараки 1
A70: Ферма Эхто | B70: 2 | C70: второй | D70: 1 | E70: 2 | F70: =D69+D70 -> 2 | G70: =E69+E70 -> 3 | H70: =G70/F70 -> 1.5 | I70: бараки 1
A71: Ферма Сури | B71: 1 | C71: первый | D71: 1 | E71: 1 | F71: =D71 -> 1 | G71: 1 | H71: =G71/F71 -> 1 | I71: бараки 1
A72: Ферма Сури | B72: 2 | C72: второй | D72: 2 | E72: 2 | F72: =D71+D72 -> 3 | G72: =E71+E72 -> 3 | H72: =G72/F72 -> 1 | I72: бараки 2
A73: Итого бараков: | D73: =SUM(D67:D72) -> 7
